location due to GPS and WiFi+Cell,2026-05-28_21-22-17.484_Active 10 Pro
time,provider,lat (deg),long (deg),has accuracy,accuracy (m),has altitude,altitude (m above sea level),has bearing,bearing (degrees),has speed,speed (m/s over ground),UTC,realtime
883069401,network,55.5247137,37.5106693,1,18.978,1,204.90000915527344,0,0.0,0,0.0,1779992537739,883066381000000
883069461,network,55.5247137,37.5106693,1,40.496002,1,204.90000915527344,0,0.0,0,0.0,1779992541029,883069455394255
883069464,network,55.5247137,37.5106693,1,40.552002,1,204.90000915527344,0,0.0,0,0.0,1779992541038,883069463888794
883080972,gps,55.52477833333334,37.51060833333334,1,3.4,1,199.0,1,284.64,1,1.1457716,1779992552261,883080910135871
883082728,gps,55.524766666666665,37.51061666666667,1,2.6,1,197.4,1,147.96,1,0.4519261,1779992554000,883082657780794
883083703,gps,55.52474666666667,37.510625,1,2.1,1,195.9,1,336.68,1,0.3005978,1779992555000,883083649789641
883084708,gps,55.52474,37.510623333333335,1,1.9,1,195.6,1,324.37,1,0.22390416,1779992556000,883084651926872
883085709,gps,55.52473666666666,37.510625,1,1.9,1,195.29999999999998,1,344.4,1,0.0787525,1779992557000,883085650487487
883086714,gps,55.52472666666666,37.51062666666667,1,1.7,1,194.5,1,319.49,1,0.10809167,1779992558000,883086655241025
883087720,gps,55.524723333333334,37.51062666666667,1,1.7,1,194.2,1,144.9,1,0.107576944,1779992559000,883087657877949
883088716,gps,55.524725000000004,37.510625,1,1.7,1,194.2,1,334.67,1,0.12610695,1779992560000,883088652485718
883089380,network,55.5246958,37.5105177,1,16.514,1,204.00001525878906,0,0.0,0,0.0,1779992545159,883073801000000
883089717,gps,55.524719999999995,37.510621666666665,1,1.6,1,193.4,1,218.0,1,0.050442778,1779992561000,883089651504795
883090717,gps,55.524715,37.51061666666667,1,1.6,1,192.9,1,196.78,1,0.12765111,1779992562000,883090652297103
883091708,gps,55.52471333333333,37.51061333333334,1,1.6,1,192.4,1,255.04,1,0.1621375,1779992563000,883091650406333
883092705,gps,55.524708333333336,37.51061,1,1.6,1,191.79999999999998,1,190.87,1,0.1780939,1779992564000,883092652111795
883093706,gps,55.52470666666667,37.51060666666667,1,1.6,1,191.29999999999998,1,217.36,1,0.16985834,1779992565000,883093652755180
883094711,gps,55.524708333333336,37.510605000000005,1,1.6,1,190.79999999999998,1,198.08,1,0.056619443,1779992566000,883094652995564
883095710,gps,55.524705,37.510601666666666,1,1.6,1,190.29999999999998,1,168.85,1,0.35824665,1779992567000,883095651906564
883096711,gps,55.524710000000006,37.510598333333334,1,1.6,1,190.0,1,289.2,1,0.29545057,1779992568000,883096650977334
883097719,gps,55.524710000000006,37.51059333333333,1,1.6,1,189.79999999999998,1,174.1,1,0.17088778,1779992569000,883097651372795
883098717,gps,55.524710000000006,37.510594999999995,1,1.5,1,189.2,1,165.44,1,0.15853444,1779992570000,883098653833334
883099722,gps,55.52471333333333,37.51059333333333,1,1.5,1,188.9,1,304.89,1,0.65009415,1779992571000,883099657312488
883100713,gps,55.52471333333333,37.510594999999995,1,1.5,1,188.6,1,138.36,1,0.231625,1779992572000,883100654613949
883101714,gps,55.52471666666667,37.510601666666666,1,1.5,1,188.1,1,339.68,1,0.25839055,1779992573000,883101649253103
883102718,gps,55.52471833333334,37.510598333333334,1,1.4,1,188.0,1,336.75,1,0.26662612,1779992574000,883102657720488
883103718,gps,55.524719999999995,37.510598333333334,1,1.4,1,187.9,1,7.05,1,0.25066972,1779992575000,883103648908103
883104713,gps,55.524719999999995,37.510598333333334,1,1.4,1,187.9,1,337.73,1,0.24758139,1779992576000,883104653738873
883105714,gps,55.524719999999995,37.510596666666665,1,1.4,1,187.79999999999998,1,310.0,1,0.22184528,1779992577000,883105653657719
883106713,gps,55.524721666666665,37.510596666666665,1,1.4,1,187.79999999999998,1,327.24,1,0.20537417,1779992578000,883106653426257
883107719,gps,55.524723333333334,37.510594999999995,1,1.4,1,187.9,1,0.55,1,0.21463917,1779992579000,883107654012719
883108717,gps,55.524723333333334,37.510598333333334,1,1.4,1,187.79999999999998,1,99.32,1,0.21721278,1779992580000,883108653063488
883109715,gps,55.52472666666666,37.510598333333334,1,1.4,1,187.7,1,345.81,1,0.22081584,1779992581000,883109653225027
883110046,network,55.5246019,37.5104189,1,33.868,1,185.10000610351562,0,0.0,0,0.0,1779992580711,883109353000000
883110713,gps,55.52472833333333,37.510601666666666,1,1.4,1,187.5,1,34.31,1,0.18478528,1779992582000,883110658687796
883111723,gps,55.52472833333333,37.5106,1,1.4,1,187.2,1,350.99,1,0.0,1779992583000,883111654467489
883112711,gps,55.52473,37.510596666666665,1,1.4,1,187.0,1,319.15,1,0.0,1779992584000,883112653942335
883113714,gps,55.52472833333333,37.510594999999995,1,1.4,1,186.7,1,325.53,1,0.0,1779992585000,883113653256412
883114712,gps,55.52472833333333,37.510594999999995,1,1.4,1,186.7,1,325.53,1,0.0,1779992586000,883114654009335
883115713,gps,55.52472833333333,37.510594999999995,1,1.4,1,186.7,1,325.53,1,0.0,1779992587000,883115654056412
883116716,gps,55.52472833333333,37.510594999999995,1,1.4,1,186.7,1,325.53,1,0.0,1779992588000,883116652628412
883117723,gps,55.52472833333333,37.510594999999995,1,1.4,1,186.7,1,325.53,1,0.0,1779992589000,883117654737412
883118724,gps,55.52472833333333,37.510594999999995,1,1.4,1,186.7,1,325.53,1,0.0,1779992590000,883118654272489
883119715,gps,55.52472833333333,37.510594999999995,1,1.4,1,186.7,1,325.53,1,0.0,1779992591000,883119651978335
883120716,gps,55.52472833333333,37.510594999999995,1,1.4,1,186.7,1,325.53,1,0.0,1779992592000,883120658090951
883121714,gps,55.52472833333333,37.510594999999995,1,1.4,1,186.7,1,325.53,1,0.0,1779992593000,883121650658874
883122712,gps,55.52472833333333,37.510594999999995,1,1.4,1,186.7,1,325.53,1,0.0,1779992594000,883122654444720
883123719,gps,55.52472833333333,37.510594999999995,1,1.4,1,186.7,1,325.53,1,0.0,1779992595000,883123654157412
883124714,gps,55.52472833333333,37.510594999999995,1,1.4,1,186.7,1,325.53,1,0.0,1779992596000,883124653113335
883125721,gps,55.52472833333333,37.510594999999995,1,1.4,1,186.7,1,325.53,1,0.0,1779992597000,883125656913105
883126714,gps,55.52472833333333,37.510594999999995,1,1.4,1,186.7,1,325.53,1,0.0,1779992598000,883126652953951
883127719,gps,55.52472833333333,37.510594999999995,1,1.4,1,186.7,1,325.53,1,0.0,1779992599000,883127656752797
883128712,gps,55.52472833333333,37.510594999999995,1,1.4,1,186.7,1,325.53,1,0.0,1779992600000,883128649824490
883129717,gps,55.52472833333333,37.510594999999995,1,1.4,1,186.7,1,325.53,1,0.0,1779992601000,883129657144490
883130724,gps,55.52472833333333,37.510594999999995,1,1.4,1,186.7,1,325.53,1,0.0,1779992602000,883130658987182
883130731,network,55.5246028,37.5104998,1,24.043,1,185.10000610351562,0,0.0,0,0.0,1779992601395,883130037000000
883131719,gps,55.52472833333333,37.510594999999995,1,1.4,1,186.7,1,325.53,1,0.0,1779992603000,883131651509951
883132718,gps,55.52472833333333,37.510594999999995,1,1.4,1,186.7,1,325.53,1,0.0,1779992604000,883132656438336
883133724,gps,55.52472833333333,37.510594999999995,1,1.4,1,186.7,1,325.53,1,0.0,1779992605000,883133659165028
883134724,gps,55.52472833333333,37.510594999999995,1,1.4,1,186.7,1,325.53,1,0.0,1779992606000,883134658862951
883135726,gps,55.524723333333334,37.51058833333333,1,1.4,1,184.5,1,130.67,1,0.34229028,1779992607000,883135660602336
883136717,gps,55.524719999999995,37.510596666666665,1,1.4,1,184.5,1,135.71,1,0.37626195,1779992608000,883136657283567
883137721,gps,55.524719999999995,37.51060333333333,1,1.4,1,184.5,1,121.26,1,0.42207223,1779992609000,883137658703875
883138711,gps,55.52471666666667,37.51060666666667,1,1.4,1,184.6,1,162.74,1,0.50906026,1779992610000,883138651639182
883139717,gps,55.52471666666667,37.51061,1,1.4,1,184.4,1,318.11,1,0.5214136,1779992611000,883139658512106
883140717,gps,55.524719999999995,37.51060833333334,1,1.4,1,184.4,1,299.24,1,0.5018542,1779992612000,883140653306029
883141723,gps,55.524721666666665,37.51060666666667,1,1.4,1,184.29999999999998,1,267.1,1,0.4843536,1779992613000,883141658849336
883142712,gps,55.524725000000004,37.51060666666667,1,1.4,1,184.29999999999998,1,71.5,1,0.46016166,1779992614000,883142652574875
883143716,gps,55.524723333333334,37.51060666666667,1,1.4,1,184.2,1,171.68,1,0.45655861,1779992615000,883143656423260
883144713,gps,55.524725000000004,37.51060333333333,1,1.4,1,184.0,1,295.2,1,0.0,1779992616000,883144660044721
883145722,gps,55.524723333333334,37.51060333333333,1,1.4,1,184.0,1,162.28,1,0.0,1779992617000,883145653377644
883146719,gps,55.524725000000004,37.510605000000005,1,1.4,1,184.0,1,332.22,1,0.0,1779992618000,883146654938875
883147715,gps,55.524725000000004,37.510605000000005,1,1.4,1,184.0,1,332.22,1,0.0,1779992619000,883147656830568
883148705,gps,55.524725000000004,37.510605000000005,1,1.3,1,184.0,1,332.22,1,0.0,1779992620000,883148652727260
883149720,gps,55.524725000000004,37.510605000000005,1,1.4,1,184.0,1,332.22,1,0.0,1779992621000,883149656029029
883150725,gps,55.524725000000004,37.510605000000005,1,1.4,1,184.0,1,332.22,1,0.0,1779992622000,883150662846952
883150753,network,55.5247727,37.5104557,1,35.915,1,185.10000610351562,0,0.0,0,0.0,1779992617714,883146356000000
883151724,gps,55.524725000000004,37.510605000000005,1,1.4,1,184.0,1,332.22,1,0.0,1779992623000,883151662682029
883152724,gps,55.524725000000004,37.510605000000005,1,1.4,1,184.0,1,332.22,1,0.0,1779992624000,883152664016491
883153715,gps,55.524725000000004,37.510605000000005,1,1.4,1,184.0,1,332.22,1,0.0,1779992625000,883153655739183
