spl07,goermicro,2026-06-11_17-04-59.349_Active 10 Pro
imuTimestamp,accuracy(more=better),pressure[millibar]
2077231198,3,990.91
2077231298,3,990.89996
2077231398,3,990.89996
2077231498,3,990.89996
2077231598,3,990.89996
2077231697,3,990.89996
2077231798,3,990.89996
2077231898,3,990.89996
2077231998,3,990.89996
2077232098,3,990.89996
2077232198,3,990.94995
2077232298,3,990.91
2077232398,3,990.81995
2077232498,3,990.8
2077232598,3,990.81
2077232698,3,990.88
2077232798,3,990.87
2077232898,3,990.88
2077232997,3,990.89996
2077233097,3,990.88995
2077233197,3,990.88995
2077233297,3,990.89996
2077233397,3,990.89996
2077233497,3,990.88995
2077233597,3,990.88995
2077233697,3,990.88995
2077233797,3,990.88995
2077233897,3,990.88995
2077233997,3,990.88995
2077234097,3,990.88995
2077234197,3,990.81995
2077234297,3,990.83997
2077234397,3,990.92
2077234497,3,990.97
2077234597,3,990.99
2077234697,3,990.94995
2077234797,3,990.91
2077234897,3,991.3
2077234997,3,991.0
2077235097,3,990.93
2077235197,3,990.83997
2077235297,3,990.99
2077235397,3,990.95996
2077235497,3,991.22
2077235597,3,991.17
2077235697,3,990.89996
2077235797,3,990.69
2077235897,3,990.75995
2077235997,3,990.87
2077236097,3,990.82996
2077236197,3,991.11
2077236297,3,991.19995
2077236397,3,991.05
2077236497,3,990.82996
2077236597,3,990.88
2077236697,3,990.85
2077236797,3,990.97
2077236897,3,991.01996
2077236997,3,990.89996
2077237097,3,990.85
2077237197,3,990.82996
2077237297,3,990.92
2077237397,3,990.88995
2077237497,3,990.8
2077237597,3,990.74
2077237697,3,990.8
2077237797,3,991.13995
2077237897,3,991.01996
2077237997,3,991.16
2077238097,3,991.35
2077238197,3,991.27997
2077238297,3,991.27997
2077238397,3,991.33997
2077238497,3,990.82996
2077238597,3,990.86
2077238697,3,991.1
2077238797,3,990.70996
2077238897,3,990.70996
2077238997,3,990.92
2077239097,3,990.76996
2077239197,3,990.94
2077239297,3,991.07996
2077239397,3,991.45996
2077239497,3,991.05
2077239597,3,990.88
2077239697,3,990.75995
2077239797,3,990.83997
2077239897,3,990.75
2077239997,3,990.82996
2077240097,3,990.74
2077240197,3,990.97
2077240297,3,991.97
2077240397,3,990.81
2077240497,3,991.11
2077240597,3,991.02997
2077240697,3,990.83997
2077240797,3,990.88
2077240897,3,990.74
2077240997,3,990.87
2077241097,3,990.81995
2077241197,3,990.94995
2077241297,3,990.58997
2077241397,3,990.75995
2077241497,3,990.67
2077241597,3,990.83997
2077241697,3,990.82996
2077241797,3,990.81995
2077241897,3,990.88
2077241997,3,990.8
2077242097,3,990.95996
2077242197,3,990.79
2077242297,3,991.11
2077242397,3,990.77997
2077242497,3,990.8
2077242597,3,990.88995
2077242697,3,990.85
2077242797,3,991.13
2077242897,3,990.98
2077242997,3,990.69995
2077243097,3,991.31995
2077243197,3,990.77997
2077243297,3,990.83997
2077243397,3,990.86
2077243497,3,990.76996
2077243597,3,990.83997
2077243697,3,991.06995
2077243797,3,990.62
2077243897,3,990.82996
2077243997,3,990.74
2077244097,3,990.99
2077244197,3,990.83997
2077244297,3,990.8
2077244397,3,990.94
2077244497,3,990.82996
2077244597,3,990.81995
2077244697,3,990.74
2077244797,3,990.83997
2077244897,3,990.88
2077244997,3,990.81
2077245097,3,990.86
2077245197,3,990.88995
2077245297,3,990.8
2077245397,3,990.81995
2077245497,3,990.87
2077245597,3,990.74
2077245697,3,990.81995
2077245797,3,990.82996
2077245897,3,990.88
2077245997,3,990.81
2077246097,3,990.85
2077246197,3,990.75995
2077246297,3,990.83997
2077246397,3,990.82996
2077246497,3,990.86
2077246597,3,990.88
2077246697,3,990.81
2077246797,3,990.81995
2077246897,3,990.75
2077246997,3,990.86
2077247097,3,990.75995
2077247197,3,990.79
2077247297,3,990.74
2077247397,3,990.85
2077247497,3,990.91
2077247597,3,990.74
2077247697,3,990.76996
2077247797,3,990.82996
2077247897,3,990.82996
2077247997,3,990.79
2077248097,3,990.93
2077248197,3,990.86
2077248297,3,990.87
2077248397,3,990.85
2077248497,3,990.75995
2077248597,3,990.76996
2077248697,3,991.19
2077248797,3,990.57996
2077248897,3,990.69
2077248997,3,990.8
2077249097,3,990.82996
2077249197,3,990.75
2077249297,3,990.93
2077249397,3,990.93
2077249497,3,990.81995
2077249597,3,990.87
2077249697,3,990.69995
2077249797,3,990.79
2077249897,3,990.81995
2077249997,3,990.73
2077250097,3,990.77997
2077250197,3,990.73
2077250297,3,990.72
2077250397,3,990.75
2077250497,3,990.88995
2077250597,3,990.75995
2077250697,3,990.79
2077250797,3,990.79
2077250897,3,990.75995
2077250997,3,990.69
2077251097,3,990.76996
2077251197,3,990.69995
2077251297,3,990.77997
2077251397,3,990.81
2077251497,3,990.82996
2077251597,3,990.87
2077251697,3,990.76996
2077251797,3,990.86
2077251897,3,990.82996
2077251997,3,990.76996
2077252097,3,990.72
2077252197,3,990.76996
2077252297,3,990.75995
2077252397,3,990.66
2077252497,3,990.76996
2077252597,3,990.73
2077252697,3,990.62
2077252797,3,990.88995
2077252897,3,990.70996
2077252997,3,990.95996
2077253097,3,990.75995
2077253197,3,990.77997
2077253297,3,990.79
2077253397,3,990.79
2077253497,3,990.8
2077253597,3,990.74
2077253697,3,990.81
2077253797,3,990.76996
2077253897,3,990.77997
2077253997,3,990.70996
2077254097,3,990.85
2077254197,3,990.79
2077254297,3,990.79
2077254397,3,990.83997
2077254497,3,990.81
2077254597,3,990.79
2077254697,3,990.81995
2077254797,3,990.81
2077254897,3,990.81995
2077254997,3,990.82996
2077255097,3,990.82996
2077255197,3,990.83997
2077255297,3,990.88
2077255397,3,990.82996
2077255497,3,990.85
2077255597,3,990.83997
2077255697,3,990.82996
2077255797,3,990.85
2077255897,3,990.85
2077255997,3,990.83997
2077256097,3,990.87
2077256197,3,990.85
2077256297,3,990.87
2077256397,3,990.79
2077256497,3,990.89996
2077256597,3,990.81995
2077256697,3,990.89996
2077256797,3,990.88
2077256897,3,990.89996
2077256997,3,990.88
2077257097,3,990.83997
2077257197,3,990.83997
2077257297,3,990.85
2077257397,3,990.89996
2077257497,3,990.81995
2077257597,3,990.88995
2077257697,3,990.88
2077257797,3,990.88995
2077257897,3,990.87
2077257997,3,990.89996
2077258097,3,990.91
2077258197,3,990.88995
2077258297,3,990.88995
2077258397,3,990.88
2077258497,3,990.92
2077258597,3,990.89996
2077258697,3,990.92
2077258797,3,990.91
2077258897,3,990.92
2077258997,3,990.91
2077259097,3,990.92
2077259197,3,990.92
2077259297,3,990.93
2077259397,3,990.92
2077259497,3,990.93
2077259597,3,990.95996
2077259697,3,990.93
2077259797,3,990.92
2077259897,3,990.93
2077259997,3,990.94
2077260097,3,990.92
2077260197,3,990.88995
2077260297,3,990.93
2077260397,3,990.94995
2077260497,3,990.94995
2077260597,3,991.0
2077260697,3,990.93
2077260797,3,990.94995
2077260897,3,990.85
2077260997,3,990.93
2077261097,3,990.93
2077261197,3,990.91
2077261297,3,990.89996
2077261397,3,990.94
2077261497,3,990.97
2077261597,3,990.94995
2077261697,3,990.95996
2077261797,3,990.94995
2077261897,3,990.99
2077261997,3,990.99
2077262097,3,991.00995
2077262197,3,991.00995
2077262297,3,991.02997
2077262397,3,991.01996
2077262497,3,991.04
2077262597,3,991.00995
2077262697,3,991.04
2077262797,3,991.00995
2077262897,3,991.0
2077262997,3,991.0
2077263097,3,991.0
2077263197,3,991.01996
2077263297,3,990.98
2077263397,3,990.98
2077263497,3,991.01996
2077263597,3,991.04
2077263697,3,991.02997
2077263797,3,991.02997
2077263897,3,991.01996
2077263997,3,991.04
2077264097,3,991.01996
2077264197,3,991.00995
2077264297,3,991.01996
2077264397,3,991.00995
2077264497,3,991.01996
2077264597,3,991.01996
2077264697,3,991.04
2077264797,3,991.04
2077264897,3,991.06
2077264997,3,991.04
2077265097,3,991.05
2077265197,3,991.01996
2077265297,3,991.00995
2077265397,3,991.01996
2077265497,3,991.04
2077265597,3,991.02997
2077265697,3,991.04
2077265797,3,991.04
2077265897,3,991.06
2077265997,3,991.04
2077266097,3,991.04
2077266197,3,991.04
2077266297,3,991.05
2077266397,3,991.04
2077266497,3,991.07996
2077266597,3,991.06995
2077266697,3,991.06995
2077266797,3,991.06995
2077266897,3,991.07996
2077266997,3,991.07996
2077267097,3,991.08997
2077267197,3,991.06995
2077267297,3,991.06
2077267397,3,991.05
2077267497,3,991.06
2077267597,3,991.06995
2077267697,3,991.06995
2077267797,3,991.1
2077267897,3,991.06
2077267997,3,991.11
2077268097,3,991.1
2077268197,3,991.1
2077268297,3,991.12
2077268397,3,991.13
2077268497,3,991.11
2077268597,3,991.14996
2077268697,3,991.14996
2077268797,3,991.14996
2077268897,3,991.13
2077268997,3,991.13
2077269097,3,991.12
2077269197,3,991.12
2077269297,3,991.12
2077269397,3,991.13
2077269497,3,991.13995
2077269597,3,991.13995
2077269697,3,991.13995
2077269797,3,991.13995
2077269897,3,991.17
2077269997,3,991.13995
2077270097,3,991.13995
2077270197,3,991.16
2077270297,3,991.13995
2077270397,3,991.14996
2077270497,3,991.17
2077270597,3,991.17
2077270697,3,991.13
2077270797,3,991.14996
2077270897,3,991.18
2077270997,3,991.16
2077271097,3,991.18
2077271197,3,991.17
2077271297,3,991.19995
2077271397,3,991.19
2077271497,3,991.19
2077271597,3,991.19
2077271697,3,991.18
2077271797,3,991.18
2077271897,3,991.23
2077271997,3,991.20996
2077272097,3,991.22
2077272197,3,991.19995
2077272297,3,991.23
2077272397,3,991.23
2077272497,3,991.24
2077272597,3,991.25
2077272697,3,991.22
2077272797,3,991.22
2077272897,3,991.24
2077272997,3,991.22
2077273097,3,991.23
2077273197,3,991.26996
2077273297,3,991.29
2077273397,3,991.25995
2077273497,3,991.26996
2077273597,3,991.25
2077273697,3,991.25995
2077273797,3,991.25995
2077273897,3,991.25995
2077273997,3,991.25995
2077274097,3,991.25
2077274197,3,991.25
2077274297,3,991.25995
2077274397,3,991.27997
2077274497,3,991.26996
2077274597,3,991.26996
2077274697,3,991.29
2077274797,3,991.31
2077274897,3,991.29
2077274997,3,991.31995
2077275097,3,991.33997
2077275197,3,991.31
2077275297,3,991.27997
2077275397,3,991.31995
2077275497,3,991.32996
2077275597,3,991.33997
2077275697,3,991.32996
2077275797,3,991.31995
2077275897,3,991.35
2077275997,3,991.38995
2077276097,3,991.37
2077276197,3,991.38
2077276297,3,991.38995
2077276397,3,991.37
2077276497,3,991.36
2077276597,3,991.32996
2077276697,3,991.32996
2077276797,3,991.32996
2077276897,3,991.31995
2077276997,3,991.32996
2077277097,3,991.3
2077277197,3,991.31995
2077277297,3,991.36
2077277397,3,991.33997
2077277497,3,991.35
2077277597,3,991.31995
2077277697,3,991.33997
2077277797,3,991.38
2077277897,3,991.36
2077277997,3,991.36
2077278097,3,991.36
2077278197,3,991.37
2077278297,3,991.38
2077278397,3,991.38995
2077278497,3,991.38
2077278597,3,991.38995
2077278697,3,991.38
2077278797,3,991.41
2077278897,3,991.44995
2077278997,3,991.44
2077279097,3,991.43
2077279197,3,991.42
2077279297,3,991.43
2077279397,3,991.44
2077279497,3,991.44995
2077279597,3,991.43
2077279697,3,991.43
2077279797,3,991.43
2077279897,3,991.45996
2077279997,3,991.42
2077280097,3,991.47
2077280197,3,991.44995
2077280297,3,991.42
2077280397,3,991.41
2077280497,3,991.44995
2077280597,3,991.47
2077280697,3,991.45996
2077280797,3,991.44
2077280897,3,991.44995
2077280997,3,991.44995
2077281097,3,991.44995
2077281197,3,991.49
2077281297,3,991.43
2077281397,3,991.44995
2077281497,3,991.42
2077281597,3,991.44995
2077281697,3,991.48
2077281797,3,991.44
2077281897,3,991.44995
2077281997,3,991.44995
2077282097,3,991.5
2077282197,3,991.51996
2077282297,3,991.48
2077282397,3,991.50995
2077282497,3,991.54
2077282597,3,991.5
2077282697,3,991.5
2077282797,3,991.48
2077282897,3,991.67
2077282997,3,991.54
2077283097,3,991.47
2077283197,3,991.47
2077283297,3,991.52997
2077283397,3,991.44995
2077283497,3,991.6
2077283597,3,991.51996
2077283697,3,991.48
2077283797,3,991.50995
2077283897,3,991.50995
2077283997,3,991.57996
2077284097,3,991.49
2077284197,3,991.57996
2077284297,3,991.44
2077284397,3,991.55
2077284497,3,991.52997
2077284597,3,991.57996
2077284697,3,991.57996
2077284797,3,991.57996
2077284897,3,991.58997
2077284997,3,991.57996
2077285097,3,991.56995
2077285197,3,991.55
2077285297,3,991.61
2077285397,3,991.57996
2077285497,3,991.56995
2077285597,3,991.57996
2077285697,3,991.55
2077285797,3,991.56
2077285897,3,991.55
2077285997,3,991.62
2077286097,3,991.61
2077286197,3,991.63
2077286297,3,991.56995
2077286397,3,991.56
2077286497,3,991.56995
2077286597,3,991.57996
2077286697,3,991.56995
2077286797,3,991.6
2077286897,3,991.58997
2077286997,3,991.66
2077287097,3,991.63
2077287197,3,991.64996
2077287297,3,991.63995
2077287397,3,991.62
2077287497,3,991.6
2077287597,3,991.62
2077287697,3,991.63995
2077287797,3,991.63995
2077287897,3,991.63995
2077287997,3,991.64996
2077288097,3,991.67
2077288197,3,991.63
2077288297,3,991.68
2077288397,3,991.68
2077288497,3,991.67
2077288597,3,991.67
2077288697,3,991.68
2077288797,3,991.69
2077288897,3,991.63995
2077288997,3,991.67
2077289097,3,991.70996
2077289197,3,991.72
2077289297,3,991.66
2077289397,3,991.67
2077289497,3,991.72
2077289597,3,991.70996
2077289697,3,991.74
2077289797,3,991.72
2077289897,3,991.69
2077289997,3,991.68
2077290097,3,991.74
2077290197,3,991.74
2077290297,3,991.75
2077290397,3,991.74
2077290497,3,991.75995
2077290597,3,991.74
2077290697,3,991.72
2077290797,3,991.76996
2077290897,3,991.82996
2077290997,3,991.75995
2077291097,3,991.75
2077291197,3,991.77997
2077291297,3,991.75
2077291397,3,991.8
2077291497,3,991.66
2077291597,3,991.97
2077291697,3,991.83997
2077291797,3,991.74
2077291897,3,991.74
2077291997,3,991.75995
2077292097,3,991.82996
2077292197,3,991.82996
2077292297,3,991.81995
2077292397,3,991.81
2077292497,3,991.86
2077292597,3,991.87
2077292697,3,991.8
2077292797,3,991.77997
2077292897,3,991.82996
2077292997,3,991.87
2077293097,3,991.77997
2077293197,3,991.81995
2077293297,3,991.83997
2077293397,3,991.85
2077293497,3,991.88
2077293597,3,991.83997
2077293697,3,991.88
2077293797,3,991.88
2077293897,3,991.86
2077293997,3,991.85
2077294097,3,991.91
2077294197,3,991.92
2077294297,3,991.88
2077294397,3,991.88
2077294497,3,991.95996
2077294597,3,991.82996
2077294697,3,991.91
2077294797,3,991.85
2077294897,3,991.92
2077294997,3,991.85
2077295097,3,991.86
2077295197,3,991.89996
2077295297,3,991.88
2077295397,3,991.92
2077295497,3,991.92
2077295597,3,991.94
2077295697,3,991.91
2077295797,3,991.97
2077295897,3,991.95996
2077295997,3,991.95996
2077296097,3,991.95996
2077296197,3,991.93
2077296297,3,991.93
2077296397,3,991.95996
2077296497,3,991.94
2077296597,3,991.99
2077296697,3,992.00995
2077296797,3,991.98
2077296897,3,991.94
2077296997,3,991.92
2077297097,3,991.97
2077297197,3,992.0
2077297297,3,991.99
2077297397,3,992.00995
2077297497,3,991.97
2077297597,3,991.94
2077297697,3,991.93
2077297797,3,991.97
2077297897,3,991.99
2077297997,3,992.02997
2077298097,3,992.02997
2077298197,3,992.00995
2077298297,3,991.99
2077298397,3,991.98
2077298497,3,992.0
2077298597,3,992.01996
2077298697,3,992.02997
2077298797,3,992.01996
2077298897,3,992.01996
2077298997,3,992.00995
2077299097,3,991.99
2077299197,3,992.04
2077299297,3,992.04
2077299397,3,992.06995
2077299497,3,992.05
2077299597,3,992.06995
2077299697,3,992.04
2077299797,3,992.05
2077299897,3,992.1
2077299997,3,992.11
2077300097,3,992.13995
2077300197,3,992.13
2077300297,3,992.11
2077300397,3,992.1
2077300497,3,992.1
2077300597,3,992.07996
2077300697,3,992.18
2077300797,3,992.06
2077300897,3,992.1
2077300997,3,992.08997
2077301097,3,992.08997
2077301197,3,992.11
2077301297,3,992.12
2077301397,3,992.07996
2077301497,3,992.11
2077301597,3,992.13
2077301697,3,992.17
2077301797,3,992.13995
2077301897,3,992.16
2077301997,3,992.16
2077302097,3,992.11
2077302197,3,992.14996
2077302297,3,992.17
2077302397,3,992.12
2077302497,3,992.11
2077302597,3,992.20996
2077302697,3,992.68
2077302797,3,992.54
2077302897,3,992.17
2077302997,3,992.08997
2077303097,3,992.13995
2077303197,3,992.25995
2077303297,3,992.18
2077303397,3,992.25995
2077303497,3,992.25995
2077303597,3,992.25
2077303697,3,992.25
2077303797,3,992.19995
2077303897,3,992.29
2077303997,3,992.33997
2077304097,3,992.33997
2077304197,3,992.20996
2077304297,3,992.17
2077304397,3,992.06995
2077304497,3,992.20996
2077304597,3,992.26996
2077304697,3,992.29
2077304797,3,992.19995
2077304897,3,992.31995
2077304997,3,992.31
2077305097,3,992.31995
2077305197,3,992.36
2077305297,3,992.31995
2077305397,3,992.31995
2077305497,3,992.31995
2077305597,3,992.32996
2077305697,3,992.29
2077305797,3,992.27997
2077305897,3,992.25
2077305997,3,992.25995
2077306097,3,992.29
2077306197,3,992.31995
2077306297,3,992.27997
2077306397,3,992.31
2077306497,3,992.31995
2077306597,3,992.32996
2077306697,3,992.33997
2077306797,3,992.35
2077306897,3,992.36
2077306997,3,992.41
2077307097,3,992.44995
2077307197,3,992.42
2077307297,3,992.39996
2077307397,3,992.38995
2077307497,3,992.38995
2077307597,3,992.37
2077307697,3,992.39996
2077307797,3,992.38995
2077307897,3,992.37
2077307997,3,992.39996
2077308097,3,992.41
2077308197,3,992.41
2077308297,3,992.41
2077308397,3,992.42
2077308497,3,992.42
2077308597,3,992.38995
2077308697,3,992.44995
2077308797,3,992.43
2077308897,3,992.42
2077308997,3,992.43
2077309097,3,992.43
2077309197,3,992.43
2077309297,3,992.45996
2077309397,3,992.44995
2077309497,3,992.44
2077309597,3,992.47
2077309697,3,992.47
2077309797,3,992.47
2077309897,3,992.5
2077309997,3,992.49
2077310097,3,992.49
2077310197,3,992.48
2077310297,3,992.49
2077310397,3,992.47
2077310497,3,992.5
2077310597,3,992.5
2077310697,3,992.45996
2077310797,3,992.44
2077310897,3,992.5
2077310997,3,992.48
2077311097,3,992.49
2077311197,3,992.5
2077311297,3,992.55
2077311397,3,992.55
2077311497,3,992.55
2077311597,3,992.54
2077311697,3,992.56995
2077311797,3,992.5
2077311897,3,992.48
2077311997,3,992.50995
2077312097,3,992.5
2077312197,3,992.56
2077312297,3,992.51996
2077312397,3,992.54
2077312497,3,992.55
2077312597,3,992.54
2077312697,3,992.56
2077312797,3,992.56995
2077312897,3,992.58997
2077312997,3,992.62
2077313097,3,992.58997
2077313197,3,992.57996
2077313297,3,992.6
2077313397,3,992.63995
2077313497,3,992.6
2077313597,3,992.57996
2077313697,3,992.6
2077313797,3,992.57996
2077313897,3,992.58997
2077313997,3,992.55
2077314097,3,992.6
2077314197,3,992.56995
2077314297,3,992.58997
2077314397,3,992.57996
2077314497,3,992.56
2077314597,3,992.56995
2077314697,3,992.55
2077314797,3,992.51996
2077314897,3,992.55
2077314997,3,992.58997
2077315097,3,992.63
2077315197,3,992.61
2077315297,3,992.63
2077315397,3,992.63
2077315497,3,992.63995
2077315597,3,992.61
2077315697,3,992.52997
2077315797,3,992.62
2077315897,3,992.50995
2077315997,3,992.5
2077316097,3,992.64996
2077316197,3,992.61
2077316297,3,992.5
2077316397,3,992.55
2077316497,3,992.61
2077316597,3,992.67
2077316697,3,992.69
2077316797,3,992.70996
2077316897,3,992.75995
2077316997,3,992.73
2077317097,3,992.70996
2077317197,3,992.74
2077317297,3,992.76996
2077317397,3,992.74
2077317497,3,992.72
2077317597,3,992.69995
2077317697,3,992.69995
2077317797,3,992.75
2077317897,3,992.68
2077317997,3,992.75
2077318097,3,992.72
2077318197,3,992.73
2077318297,3,992.77997
2077318397,3,992.74
2077318497,3,992.69995
2077318597,3,992.73
2077318697,3,992.74
2077318797,3,992.75
2077318897,3,992.82996
2077318997,3,992.86
2077319097,3,992.77997
2077319197,3,992.81
2077319297,3,992.81
2077319397,3,992.81
2077319497,3,992.82996
2077319597,3,992.88995
2077319697,3,992.88995
2077319797,3,992.86
2077319897,3,992.85
2077319997,3,992.86
2077320097,3,992.82996
2077320197,3,992.86
2077320297,3,992.87
2077320397,3,992.91
2077320497,3,992.87
2077320597,3,992.86
2077320697,3,992.91
2077320797,3,992.87
2077320897,3,992.85
2077320997,3,992.82996
2077321097,3,992.87
2077321197,3,992.83997
2077321297,3,992.91
2077321397,3,992.91
2077321497,3,992.89996
2077321597,3,992.88995
2077321697,3,992.98
2077321797,3,992.91
2077321897,3,992.94
2077321997,3,992.89996
2077322097,3,992.91
2077322197,3,992.97
2077322297,3,992.87
2077322397,3,992.89996
2077322497,3,992.88995
2077322597,3,992.88
2077322697,3,992.93
2077322797,3,992.88995
2077322897,3,992.88995
2077322997,3,992.91
2077323097,3,992.92
2077323197,3,992.82996
2077323297,3,992.83997
2077323397,3,992.88
2077323497,3,992.85
2077323597,3,992.88995
2077323697,3,992.76996
2077323797,3,992.87
2077323897,3,992.87
2077323997,3,992.94
2077324097,3,992.94
2077324197,3,993.01996
2077324297,3,992.93
2077324397,3,992.88995
2077324497,3,992.94
2077324597,3,992.94
2077324697,3,992.87
2077324797,3,992.89996
2077324897,3,992.89996
2077324997,3,992.88
2077325097,3,992.89996
2077325197,3,992.91
2077325297,3,992.94995
2077325397,3,993.05
2077325497,3,993.06
2077325597,3,992.77997
2077325697,3,993.02997
2077325797,3,992.94995
2077325897,3,992.86
2077325997,3,992.95996
2077326097,3,993.01996
2077326197,3,992.94995
2077326297,3,992.97
2077326397,3,993.04
2077326497,3,992.94995
2077326597,3,992.89996
2077326697,3,992.98
2077326797,3,993.11
2077326897,3,993.08997
2077326997,3,992.94995
2077327097,3,992.98
2077327197,3,992.99
2077327297,3,992.92
2077327397,3,993.06995
2077327497,3,993.06995
2077327597,3,993.05
2077327697,3,993.00995
2077327797,3,992.94995
2077327897,3,993.05
2077327997,3,993.16
2077328097,3,993.13
2077328197,3,993.1
2077328297,3,993.13
2077328397,3,993.16
2077328497,3,992.94995
2077328597,3,993.06995
2077328697,3,993.07996
2077328797,3,993.08997
2077328897,3,993.12
2077328997,3,993.14996
2077329097,3,993.17
2077329197,3,993.02997
2077329297,3,993.13995
2077329397,3,993.19
2077329497,3,992.98
2077329597,3,993.01996
2077329697,3,993.14996
2077329797,3,993.17
2077329897,3,993.18
2077329997,3,993.1
2077330097,3,993.13995
2077330197,3,993.18
2077330297,3,993.25
2077330397,3,993.13995
2077330497,3,993.13
2077330597,3,993.14996
2077330697,3,993.19
2077330797,3,993.14996
2077330897,3,993.20996
2077330997,3,993.20996
2077331097,3,993.19
2077331197,3,993.16
2077331297,3,993.17
2077331397,3,993.16
2077331497,3,993.19
2077331597,3,993.13
2077331697,3,993.17
2077331797,3,993.19995
2077331897,3,993.19995
2077331997,3,993.20996
2077332097,3,993.19
2077332197,3,993.18
2077332297,3,993.18
2077332397,3,993.20996
2077332497,3,993.25
2077332597,3,993.22
2077332697,3,993.25
2077332797,3,993.23
2077332897,3,993.23
2077332997,3,993.25995
2077333097,3,993.25
2077333197,3,993.24
2077333297,3,993.25995
2077333397,3,993.29
2077333497,3,993.25995
2077333597,3,993.25995
2077333697,3,993.25995
2077333797,3,993.33997
2077333897,3,993.25995
2077333997,3,993.29
2077334097,3,993.3
2077334197,3,993.20996
2077334297,3,993.26996
2077334397,3,993.31995
2077334497,3,993.26996
2077334597,3,993.31
2077334697,3,993.31
2077334797,3,993.3
2077334897,3,993.26996
2077334997,3,993.29
2077335097,3,993.24
2077335197,3,993.27997
2077335297,3,993.31
2077335397,3,993.29
2077335497,3,993.27997
2077335597,3,993.31
2077335697,3,993.26996
2077335797,3,993.27997
2077335897,3,993.29
2077335997,3,993.26996
2077336097,3,993.3
2077336197,3,993.33997
2077336297,3,993.35
2077336397,3,993.3
2077336497,3,993.31995
2077336597,3,993.25995
2077336697,3,993.31
2077336797,3,993.29
2077336897,3,993.33997
2077336997,3,993.33997
2077337097,3,993.42
2077337197,3,993.35
2077337297,3,993.36
2077337397,3,993.3
2077337497,3,993.33997
2077337597,3,993.32996
2077337697,3,993.37
2077337797,3,993.44995
2077337897,3,993.35
2077337997,3,993.35
2077338097,3,993.38995
2077338197,3,993.38
2077338297,3,993.32996
2077338397,3,993.41
2077338497,3,993.39996
2077338597,3,993.38995
2077338697,3,993.38
2077338797,3,993.38995
2077338897,3,993.41
2077338997,3,993.41
2077339097,3,993.43
2077339197,3,993.44
2077339297,3,993.41
2077339397,3,993.48
2077339497,3,993.42
2077339597,3,993.45996
2077339697,3,993.44
2077339797,3,993.44995
2077339897,3,993.47
2077339997,3,993.45996
2077340097,3,993.51996
2077340197,3,993.51996
2077340297,3,993.50995
2077340397,3,993.44995
2077340497,3,993.44995
2077340597,3,993.44995
2077340697,3,993.47
2077340797,3,993.45996
2077340897,3,993.45996
2077340997,3,993.49
2077341097,3,993.52997
2077341197,3,993.48
2077341297,3,993.56
2077341397,3,993.49
2077341497,3,993.5
2077341597,3,993.45996
2077341697,3,993.5
2077341797,3,993.49
2077341897,3,993.49
2077341997,3,993.50995
2077342097,3,993.49
2077342197,3,993.5
2077342297,3,993.50995
2077342397,3,993.56
2077342497,3,993.52997
2077342597,3,993.54
2077342697,3,993.51996
2077342797,3,993.54
2077342897,3,993.55
2077342997,3,993.56995
2077343097,3,993.56995
2077343197,3,993.55
2077343297,3,993.54
2077343397,3,993.51996
2077343497,3,993.52997
2077343597,3,993.55
2077343697,3,993.57996
2077343797,3,993.57996
2077343897,3,993.54
2077343997,3,993.56995
2077344097,3,993.56995
2077344197,3,993.58997
2077344297,3,993.57996
2077344397,3,993.56
2077344497,3,993.6
2077344597,3,993.58997
2077344697,3,993.62
2077344797,3,993.6
2077344897,3,993.6
2077344997,3,993.61
2077345097,3,993.6
2077345197,3,993.61
2077345297,3,993.62
2077345397,3,993.56
2077345497,3,993.58997
2077345597,3,993.58997
2077345697,3,993.61
2077345797,3,993.62
2077345897,3,993.63995
2077345997,3,993.63995
2077346097,3,993.6
2077346197,3,993.67
2077346297,3,993.63995
2077346397,3,993.64996
2077346497,3,993.66
2077346597,3,993.64996
2077346697,3,993.62
2077346797,3,993.63995
2077346897,3,993.62
2077346997,3,993.63995
2077347097,3,993.62
2077347197,3,993.63
2077347297,3,993.62
2077347397,3,993.62
2077347497,3,993.63995
2077347597,3,993.58997
2077347697,3,993.68
2077347797,3,993.61
2077347897,3,993.61
2077347997,3,993.62
2077348097,3,993.63
2077348197,3,993.68
2077348297,3,993.67
2077348397,3,993.69
2077348497,3,993.63
2077348597,3,993.64996
2077348697,3,993.66
2077348797,3,993.63
2077348897,3,993.63995
2077348997,3,993.64996
2077349097,3,993.62
2077349197,3,993.63995
2077349297,3,993.66
2077349397,3,993.64996
2077349497,3,993.66
2077349597,3,993.67
2077349697,3,993.68
2077349797,3,993.61
2077349897,3,993.63995
2077349997,3,993.70996
2077350097,3,993.67
2077350197,3,993.63995
2077350297,3,993.64996
2077350397,3,993.68
2077350497,3,993.63
2077350597,3,993.67
2077350697,3,993.62
2077350797,3,993.66
2077350897,3,993.64996
2077350997,3,993.63
2077351097,3,993.63995
2077351197,3,993.67
2077351297,3,993.69
2077351397,3,993.69995
2077351497,3,993.69995
2077351597,3,993.69
2077351697,3,993.67
2077351797,3,993.66
2077351897,3,993.68
2077351997,3,993.69995
2077352097,3,993.69
2077352197,3,993.67
2077352297,3,993.66
2077352397,3,993.68
2077352497,3,993.69
2077352597,3,993.69995
2077352697,3,993.68
2077352797,3,993.68
2077352897,3,993.69995
2077352997,3,993.70996
2077353097,3,993.70996
2077353197,3,993.70996
2077353297,3,993.72
2077353397,3,993.70996
2077353497,3,993.69995
2077353597,3,993.69995
2077353697,3,993.70996
2077353797,3,993.70996
2077353897,3,993.72
2077353997,3,993.72
2077354097,3,993.69
2077354197,3,993.75
2077354297,3,993.75
2077354397,3,993.69995
2077354497,3,993.73
2077354597,3,993.73
2077354697,3,993.68
2077354797,3,993.69995
2077354897,3,993.70996
2077354997,3,993.69
2077355097,3,993.69
2077355197,3,993.70996
2077355297,3,993.74
2077355397,3,993.74
2077355497,3,993.75
2077355597,3,993.66
2077355697,3,993.69995
2077355797,3,993.70996
2077355897,3,993.67
2077355997,3,993.75995
2077356097,3,993.61
2077356197,3,993.67
2077356297,3,993.72
2077356397,3,993.63995
2077356497,3,993.75995
2077356597,3,993.66
2077356697,3,993.68
2077356797,3,993.69995
2077356897,3,993.70996
2077356997,3,993.68
2077357097,3,993.70996
2077357197,3,994.24
2077357297,3,993.77997
2077357397,3,993.68
2077357497,3,993.37
2077357597,3,993.56995
2077357697,3,994.37
2077357797,3,993.68
2077357897,3,993.56
2077357997,3,993.42
2077358097,3,994.24
2077358197,3,993.64996
2077358297,3,993.72
2077358397,3,993.83997
2077358497,3,993.88
2077358597,3,993.76996
2077358697,3,993.73
2077358797,3,993.68
2077358897,3,993.75
2077358997,3,993.73
2077359097,3,993.69995
2077359197,3,993.87
2077359297,3,993.8
2077359397,3,993.73
2077359497,3,993.75
2077359597,3,993.72
2077359697,3,993.67
2077359797,3,993.66
2077359897,3,993.82996
2077359997,3,993.75995
2077360097,3,993.79
2077360197,3,993.72
2077360297,3,993.69995
2077360397,3,993.72
2077360497,3,993.82996
2077360597,3,993.82996
2077360697,3,993.8
2077360797,3,993.69
2077360897,3,993.69995
2077360997,3,993.67
2077361097,3,993.69995
2077361197,3,993.75995
2077361297,3,993.81995
2077361397,3,993.63995
2077361497,3,993.67
2077361597,3,993.72
2077361697,3,993.69995
2077361797,3,993.72
2077361897,3,993.74
2077361997,3,993.8
2077362097,3,993.72
2077362197,3,993.75
2077362297,3,993.75
2077362397,3,993.77997
2077362497,3,993.77997
2077362597,3,993.75995
2077362697,3,993.67
2077362797,3,993.63995
2077362897,3,993.54
2077362997,3,993.55
2077363097,3,993.75
2077363197,3,993.8
2077363297,3,994.13995
2077363397,3,994.0
2077363497,3,994.1
2077363597,3,993.98
2077363697,3,993.91
2077363797,3,993.63995
2077363897,3,993.31995
2077363997,3,993.52997
2077364097,3,993.63
2077364197,3,993.75
2077364297,3,993.73
2077364397,3,993.67
2077364497,3,993.62
2077364597,3,993.75995
2077364697,3,993.75
2077364797,3,993.88
2077364897,3,993.86
2077364997,3,993.76996
2077365097,3,993.77997
2077365197,3,993.77997
2077365297,3,993.79
2077365397,3,993.77997
2077365497,3,993.76996
2077365597,3,993.75995
2077365697,3,993.8
2077365797,3,993.81995
2077365897,3,993.82996
2077365997,3,993.85
2077366097,3,993.83997
2077366197,3,993.82996
2077366297,3,993.81
2077366397,3,993.77997
2077366497,3,993.77997
2077366597,3,993.83997
2077366697,3,993.81995
2077366797,3,993.76996
2077366897,3,993.74
2077366997,3,993.76996
2077367097,3,993.81
2077367197,3,993.79
2077367297,3,993.76996
2077367397,3,993.85
2077367497,3,993.87
2077367597,3,993.85
2077367697,3,993.82996
2077367797,3,993.82996
2077367897,3,993.81
2077367997,3,993.85
2077368097,3,993.8
2077368197,3,993.79
2077368297,3,993.76996
2077368397,3,993.79
2077368497,3,993.81
2077368597,3,993.83997
2077368697,3,993.81
2077368797,3,993.82996
2077368897,3,993.74
2077368997,3,993.81995
2077369097,3,993.85
2077369197,3,993.77997
2077369297,3,993.79
2077369397,3,993.81
2077369497,3,993.77997
2077369597,3,993.70996
2077369697,3,993.81
2077369797,3,993.81995
2077369897,3,993.8
2077369997,3,993.79
2077370097,3,993.94
2077370197,3,993.88
2077370297,3,993.79
2077370397,3,993.77997
2077370497,3,993.81
2077370597,3,993.8
2077370697,3,993.77997
2077370797,3,993.75995
2077370897,3,993.73
2077370997,3,993.72
2077371097,3,993.81
2077371197,3,993.75
2077371297,3,993.79
2077371397,3,993.76996
2077371497,3,993.70996
2077371597,3,993.76996
2077371697,3,993.81
2077371797,3,993.73
2077371897,3,993.79
2077371997,3,993.79
2077372097,3,993.76996
2077372197,3,993.66
2077372297,3,993.68
2077372397,3,993.81
2077372497,3,993.74
2077372597,3,993.73
2077372697,3,993.69
2077372797,3,993.69995
2077372897,3,993.67
2077372997,3,993.69
2077373097,3,993.70996
2077373197,3,993.73
2077373297,3,993.75
2077373397,3,993.70996
2077373497,3,993.67
2077373597,3,993.82996
2077373697,3,993.88
2077373797,3,993.93
2077373897,3,993.75995
2077373997,3,993.70996
2077374097,3,993.69
2077374197,3,993.69995
2077374297,3,993.69995
2077374397,3,993.70996
2077374497,3,993.70996
2077374597,3,993.70996
2077374697,3,993.73
2077374797,3,993.73
2077374897,3,993.72
2077374997,3,993.70996
2077375097,3,993.72
2077375197,3,993.70996
2077375297,3,993.69995
2077375397,3,993.72
