stk3a5x_als,sensortek,2026-05-28_22-10-22.697_Active 10 Pro
imuTimestamp,accuracy(more=better),ambient_brightness[lux]
885954321,3,1992.0
885954321,3,1992.0
885954395,3,1992.0
885954405,3,1992.0
885954415,3,1992.0
885954425,3,1992.0
885954435,3,1992.0
885954445,3,1992.0
885954455,3,1992.0
885954465,3,1992.0
885954475,3,1992.0
885954485,3,1992.0
885954495,3,1992.0
885954505,3,1992.0
885954515,3,1992.0
885954525,3,1993.0
885954535,3,1993.0
885954545,3,1993.0
885954555,3,1993.0
885954565,3,1993.0
885954575,3,1993.0
885954585,3,1993.0
885954595,3,1993.0
885954605,3,1993.0
885954615,3,1993.0
885954625,3,1992.0
885954635,3,1992.0
885954645,3,1992.0
885954655,3,1992.0
885954665,3,1992.0
885954675,3,1992.0
885954685,3,1992.0
885954695,3,1992.0
885954705,3,1992.0
885954715,3,1992.0
885954725,3,1993.0
885954735,3,1993.0
885954745,3,1993.0
885954755,3,1993.0
885954765,3,1993.0
885954775,3,1992.0
885954785,3,1992.0
885954795,3,1992.0
885954805,3,1992.0
885954815,3,1992.0
885954825,3,1992.0
885954835,3,1992.0
885954845,3,1992.0
885954855,3,1992.0
885954865,3,1992.0
885954875,3,1992.0
885954885,3,1992.0
885954895,3,1992.0
885954905,3,1992.0
885954915,3,1992.0
885954925,3,1992.0
885954935,3,1993.0
885954945,3,1993.0
885954955,3,1993.0
885954965,3,1993.0
885954975,3,1993.0
885954985,3,1993.0
885954995,3,1993.0
885955005,3,1993.0
885955015,3,1993.0
885955025,3,1993.0
885955035,3,1992.0
885955045,3,1992.0
885955055,3,1992.0
885955065,3,1992.0
885955075,3,1992.0
885955085,3,1990.0
885955095,3,1990.0
885955105,3,1990.0
885955115,3,1990.0
885955125,3,1990.0
885955135,3,1990.0
885955145,3,1993.0
885955155,3,1993.0
885955165,3,1993.0
885955175,3,1993.0
885955185,3,1993.0
885955195,3,1995.0
885955205,3,1995.0
885955215,3,1995.0
885955225,3,1995.0
885955235,3,1995.0
885955245,3,1993.0
885955255,3,1993.0
885955265,3,1993.0
885955275,3,1993.0
885955285,3,1993.0
885955295,3,1992.0
885955305,3,1992.0
885955315,3,1992.0
885955325,3,1992.0
885955335,3,1992.0
885955345,3,1982.0
885955355,3,1982.0
885955365,3,1982.0
885955375,3,1982.0
885955385,3,1982.0
885955395,3,1899.0
885955405,3,1899.0
885955415,3,1899.0
885955425,3,1899.0
885955435,3,1899.0
885955445,3,1899.0
885955455,3,1696.0
885955465,3,1696.0
885955475,3,1696.0
885955485,3,1696.0
885955495,3,1696.0
885955505,3,1421.0
885955515,3,1421.0
885955525,3,1421.0
885955535,3,1421.0
885955545,3,1421.0
885955555,3,1145.0
885955565,3,1145.0
885955575,3,1145.0
885955585,3,1145.0
885955595,3,1145.0
885955605,3,924.0
885955615,3,924.0
885955625,3,924.0
885955635,3,924.0
885955645,3,924.0
885955655,3,796.0
885955665,3,796.0
885955675,3,796.0
885955685,3,796.0
885955695,3,796.0
885955705,3,788.0
885955715,3,788.0
885955725,3,788.0
885955735,3,788.0
885955745,3,788.0
885955755,3,912.0
885955765,3,912.0
885955775,3,912.0
885955785,3,912.0
885955795,3,912.0
885955805,3,912.0
885955815,3,1650.0
885955825,3,1650.0
885955835,3,1650.0
885955845,3,1650.0
885955855,3,1650.0
885955865,3,4628.0
885955875,3,4628.0
885955885,3,4628.0
885955895,3,4628.0
885955905,3,4628.0
885955915,3,8534.0
885955925,3,8534.0
885955935,3,8534.0
885955945,3,8534.0
885955955,3,8534.0
885955965,3,11316.0
885955975,3,11316.0
885955985,3,11316.0
885955995,3,11316.0
885956005,3,11316.0
885956015,3,11093.0
885956025,3,11093.0
885956035,3,11093.0
885956045,3,11093.0
885956055,3,11093.0
885956065,3,8817.0
885956075,3,8817.0
885956085,3,8817.0
885956095,3,8817.0
885956105,3,8817.0
885956115,3,8817.0
885956125,3,6193.0
885956135,3,6193.0
885956145,3,6193.0
885956155,3,6193.0
885956165,3,6193.0
885956175,3,2877.0
885956185,3,2877.0
885956195,3,2877.0
885956205,3,2877.0
885956215,3,2877.0
885956225,3,890.0
885956235,3,890.0
885956245,3,890.0
885956255,3,890.0
885956265,3,890.0
885956275,3,677.0
885956285,3,169.0
885956295,3,169.0
885956305,3,169.0
885956315,3,169.0
885956325,3,169.0
885956335,3,641.0
885956345,3,641.0
885956355,3,641.0
885956365,3,641.0
885956375,3,641.0
885956385,3,641.0
885956395,3,641.0
885956405,3,641.0
885956415,3,641.0
885956425,3,641.0
885956435,3,640.0
885956445,3,640.0
885956455,3,640.0
885956465,3,640.0
885956475,3,640.0
885956485,3,639.0
885956495,3,639.0
885956505,3,639.0
885956515,3,639.0
885956525,3,639.0
885956535,3,633.0
885956545,3,633.0
885956555,3,633.0
885956565,3,633.0
885956575,3,633.0
885956585,3,633.0
885956595,3,620.0
885956605,3,620.0
885956615,3,620.0
885956625,3,620.0
885956635,3,620.0
885956645,3,656.0
885956655,3,656.0
885956665,3,656.0
885956675,3,656.0
885956685,3,656.0
885956695,3,701.0
885956705,3,701.0
885956715,3,701.0
885956725,3,701.0
885956735,3,701.0
885956745,3,789.0
885956755,3,789.0
885956765,3,789.0
885956775,3,789.0
885956785,3,789.0
885956795,3,1194.0
885956805,3,1194.0
885956815,3,1194.0
885956825,3,1194.0
885956835,3,1194.0
885956845,3,2639.0
885956855,3,2639.0
885956865,3,2639.0
885956875,3,2639.0
885956885,3,2639.0
885956895,3,2639.0
885956905,3,4849.0
885956915,3,4849.0
885956925,3,4849.0
885956935,3,4849.0
885956945,3,4849.0
885956955,3,5991.0
885956965,3,5991.0
885956975,3,5991.0
885956985,3,5991.0
885956995,3,5991.0
885957005,3,6282.0
885957015,3,6282.0
885957025,3,6282.0
885957035,3,6282.0
885957045,3,6282.0
885957055,3,6173.0
885957065,3,6173.0
885957075,3,6173.0
885957085,3,6173.0
885957095,3,6173.0
885957105,3,6109.0
885957115,3,6109.0
885957125,3,6109.0
885957135,3,6109.0
885957145,3,6109.0
885957155,3,5918.0
885957165,3,5918.0
885957175,3,5918.0
885957185,3,5918.0
885957195,3,5918.0
885957205,3,5918.0
885957215,3,6032.0
885957225,3,6032.0
885957235,3,6032.0
885957245,3,6032.0
885957255,3,6032.0
885957265,3,5888.0
885957275,3,5888.0
885957285,3,5888.0
885957295,3,5888.0
885957305,3,5888.0
885957315,3,5842.0
885957325,3,5842.0
885957335,3,5842.0
885957345,3,5842.0
885957355,3,5842.0
885957365,3,5228.0
885957375,3,5228.0
885957385,3,5228.0
885957395,3,5228.0
885957405,3,5228.0
885957415,3,2224.0
885957425,3,2224.0
885957435,3,2224.0
885957445,3,2224.0
885957455,3,2224.0
885957465,3,564.0
885957475,3,564.0
885957485,3,564.0
885957495,3,564.0
885957505,3,564.0
885957515,3,564.0
885957525,3,409.0
885957535,3,409.0
885957545,3,409.0
885957555,3,409.0
885957565,3,409.0
885957575,3,465.0
885957585,3,465.0
885957595,3,465.0
885957605,3,465.0
885957615,3,465.0
885957625,3,852.0
885957635,3,852.0
885957645,3,852.0
885957655,3,852.0
885957665,3,852.0
885957675,3,2182.0
885957685,3,2182.0
885957695,3,2182.0
885957705,3,2182.0
885957715,3,2182.0
885957725,3,3957.0
885957735,3,3957.0
885957745,3,3957.0
885957755,3,3957.0
885957765,3,3957.0
885957775,3,5693.0
885957785,3,5693.0
885957795,3,5693.0
885957805,3,5693.0
885957815,3,5693.0
885957825,3,7147.0
885957835,3,7147.0
885957845,3,7147.0
885957855,3,7147.0
885957865,3,7147.0
885957875,3,7147.0
885957885,3,8014.0
885957895,3,8014.0
885957905,3,8014.0
885957915,3,8014.0
885957925,3,8014.0
885957935,3,8353.0
885957945,3,8353.0
885957955,3,8353.0
885957965,3,8353.0
885957975,3,8353.0
885957985,3,8428.0
885957995,3,8428.0
885958005,3,8428.0
885958015,3,8428.0
885958025,3,8428.0
885958035,3,8433.0
885958045,3,8433.0
885958055,3,8433.0
885958065,3,8433.0
885958075,3,8433.0
885958085,3,8432.0
885958095,3,8432.0
885958105,3,8432.0
885958115,3,8432.0
885958125,3,8432.0
885958135,3,8430.0
885958145,3,8430.0
885958155,3,8430.0
885958165,3,8430.0
885958175,3,8430.0
885958185,3,8430.0
885958195,3,8431.0
885958205,3,8431.0
885958215,3,8431.0
885958225,3,8431.0
885958235,3,8431.0
885958245,3,8427.0
885958255,3,8427.0
885958265,3,8427.0
885958275,3,8427.0
885958285,3,8427.0
885958295,3,8381.0
885958305,3,8381.0
885958315,3,8381.0
885958325,3,8381.0
885958335,3,8381.0
885958345,3,8135.0
885958355,3,8135.0
885958365,3,8135.0
885958375,3,8135.0
885958385,3,8135.0
885958395,3,7618.0
885958405,3,7618.0
885958415,3,7618.0
885958425,3,7618.0
885958435,3,7618.0
885958445,3,6807.0
885958455,3,6807.0
885958465,3,6807.0
885958475,3,6807.0
885958485,3,6807.0
885958495,3,6807.0
885958505,3,5793.0
885958515,3,5793.0
885958525,3,5793.0
885958535,3,5793.0
885958545,3,5793.0
885958555,3,4739.0
885958565,3,4739.0
885958575,3,4739.0
885958585,3,4739.0
885958595,3,4739.0
885958605,3,3654.0
885958615,3,3654.0
885958625,3,3654.0
885958635,3,3654.0
885958645,3,3654.0
885958655,3,2779.0
885958665,3,2779.0
885958675,3,2779.0
885958685,3,2779.0
885958695,3,2779.0
885958705,3,2209.0
885958715,3,2209.0
885958725,3,2209.0
885958735,3,2209.0
885958745,3,2209.0
885958755,3,1746.0
885958765,3,1746.0
885958775,3,1746.0
885958785,3,1746.0
885958795,3,1746.0
885958805,3,1746.0
885958815,3,1410.0
885958825,3,1410.0
885958835,3,1410.0
885958845,3,1410.0
885958855,3,1410.0
885958865,3,1203.0
885958875,3,1203.0
885958885,3,1203.0
885958895,3,1203.0
885958905,3,1203.0
885958915,3,1064.0
885958925,3,1064.0
885958935,3,1064.0
885958945,3,1064.0
885958955,3,1064.0
885958965,3,985.0
885958975,3,985.0
885958985,3,985.0
885958995,3,985.0
885959005,3,985.0
885959015,3,971.0
885959025,3,971.0
885959035,3,971.0
885959045,3,971.0
885959055,3,971.0
885959065,3,972.0
885959075,3,972.0
885959085,3,972.0
885959095,3,972.0
885959105,3,972.0
885959115,3,973.0
885959125,3,973.0
885959135,3,973.0
885959145,3,973.0
885959155,3,973.0
885959165,3,973.0
885959175,3,992.0
885959185,3,992.0
885959195,3,992.0
885959205,3,992.0
885959215,3,992.0
885959225,3,1085.0
885959235,3,1085.0
885959245,3,1085.0
885959255,3,1085.0
885959265,3,1085.0
885959275,3,1330.0
885959285,3,1330.0
885959295,3,1330.0
885959305,3,1330.0
885959315,3,1330.0
885959325,3,1762.0
885959335,3,1762.0
885959345,3,1762.0
885959355,3,1762.0
885959365,3,1762.0
885959375,3,2419.0
885959385,3,2419.0
885959395,3,2419.0
885959405,3,2419.0
885959415,3,2419.0
885959425,3,3402.0
885959435,3,3402.0
885959445,3,3402.0
885959455,3,3402.0
885959465,3,3402.0
885959475,3,3402.0
885959485,3,4447.0
885959495,3,4447.0
885959505,3,4447.0
885959515,3,4447.0
885959525,3,4447.0
885959535,3,5415.0
885959545,3,5415.0
885959555,3,5415.0
885959565,3,5415.0
885959575,3,5415.0
885959585,3,6218.0
885959595,3,6218.0
885959605,3,6218.0
885959615,3,6218.0
885959625,3,6218.0
885959635,3,6830.0
885959645,3,6830.0
885959655,3,6830.0
885959665,3,6830.0
885959675,3,6830.0
885959685,3,7133.0
885959695,3,7133.0
885959705,3,7133.0
885959715,3,7133.0
885959725,3,7133.0
885959735,3,7114.0
885959745,3,7114.0
885959755,3,7114.0
885959765,3,7114.0
885959775,3,7114.0
885959785,3,7114.0
885959795,3,6693.0
885959805,3,6693.0
885959815,3,6693.0
885959825,3,6693.0
885959835,3,6693.0
885959845,3,5381.0
885959855,3,5381.0
885959865,3,5381.0
885959875,3,5381.0
885959885,3,5381.0
885959895,3,2963.0
885959905,3,2963.0
885959915,3,2963.0
885959925,3,2963.0
885959935,3,2963.0
885959945,3,961.0
885959955,3,961.0
885959965,3,961.0
885959975,3,961.0
885959985,3,961.0
885959995,3,485.0
885960005,3,485.0
885960015,3,485.0
885960025,3,485.0
885960035,3,485.0
885960045,3,305.0
885960055,3,305.0
885960065,3,305.0
885960075,3,305.0
885960085,3,305.0
885960095,3,305.0
885960105,3,284.0
885960115,3,284.0
885960125,3,284.0
885960135,3,284.0
885960145,3,284.0
885960155,3,310.0
885960165,3,310.0
885960175,3,310.0
885960185,3,310.0
885960195,3,310.0
885960205,3,341.0
885960215,3,341.0
885960225,3,341.0
885960235,3,341.0
885960245,3,341.0
885960255,3,570.0
885960265,3,570.0
885960275,3,570.0
885960285,3,570.0
885960295,3,570.0
885960305,3,792.0
885960315,3,792.0
885960325,3,792.0
885960335,3,792.0
885960345,3,792.0
885960355,3,828.0
885960365,3,828.0
885960375,3,828.0
885960385,3,828.0
885960395,3,828.0
885960405,3,836.0
885960415,3,836.0
885960425,3,836.0
885960435,3,836.0
885960445,3,836.0
885960455,3,836.0
885960465,3,856.0
885960475,3,856.0
885960485,3,856.0
885960495,3,856.0
885960505,3,856.0
885960515,3,907.0
885960525,3,907.0
885960535,3,907.0
885960545,3,907.0
885960555,3,907.0
885960565,3,1079.0
885960575,3,1079.0
885960585,3,1079.0
885960595,3,1079.0
885960605,3,1079.0
885960615,3,1358.0
885960625,3,1358.0
885960635,3,1358.0
885960645,3,1358.0
885960655,3,1358.0
885960665,3,1836.0
885960675,3,1836.0
885960685,3,1836.0
885960695,3,1836.0
885960705,3,1836.0
885960715,3,2543.0
885960725,3,2543.0
885960735,3,2543.0
885960745,3,2543.0
885960755,3,2543.0
885960765,3,2543.0
885960775,3,3385.0
885960785,3,3385.0
885960795,3,3385.0
885960805,3,3385.0
885960815,3,3385.0
885960825,3,4218.0
885960835,3,4218.0
885960845,3,4218.0
885960855,3,4218.0
885960865,3,4218.0
885960875,3,4872.0
885960885,3,4872.0
885960895,3,4872.0
885960905,3,4872.0
885960915,3,4872.0
885960925,3,5291.0
885960935,3,5291.0
885960945,3,5291.0
885960955,3,5291.0
885960965,3,5291.0
885960975,3,5493.0
885960985,3,5493.0
885960995,3,5493.0
885961005,3,5493.0
885961015,3,5493.0
885961025,3,5615.0
885961035,3,5615.0
885961045,3,5615.0
885961055,3,5615.0
885961065,3,5615.0
885961075,3,5615.0
885961085,3,6109.0
885961095,3,6109.0
885961105,3,6109.0
885961115,3,6109.0
885961125,3,6109.0
885961135,3,7271.0
885961145,3,7271.0
885961155,3,7271.0
885961165,3,7271.0
885961175,3,7271.0
885961185,3,8595.0
885961195,3,8595.0
885961205,3,8595.0
885961215,3,8595.0
885961225,3,8595.0
885961235,3,9601.0
885961245,3,9601.0
885961255,3,9601.0
885961265,3,9601.0
885961275,3,9601.0
885961285,3,8164.0
885961295,3,8164.0
885961305,3,8164.0
885961315,3,8164.0
885961325,3,8164.0
885961335,3,5088.0
885961345,3,5088.0
885961355,3,5088.0
885961365,3,5088.0
885961375,3,5088.0
885961385,3,5088.0
885961395,3,2536.0
885961405,3,2536.0
885961415,3,2536.0
885961425,3,2536.0
885961435,3,2536.0
885961445,3,933.0
885961455,3,933.0
885961465,3,933.0
885961475,3,933.0
885961485,3,933.0
885961495,3,484.0
885961505,3,484.0
885961515,3,484.0
885961525,3,484.0
885961535,3,484.0
885961545,3,368.0
885961555,3,368.0
885961565,3,368.0
885961575,3,368.0
885961585,3,368.0
885961595,3,338.0
885961605,3,338.0
885961615,3,338.0
885961625,3,338.0
885961635,3,338.0
885961645,3,336.0
885961655,3,336.0
885961665,3,336.0
885961675,3,336.0
885961685,3,336.0
885961695,3,336.0
885961705,3,336.0
885961715,3,336.0
885961725,3,336.0
885961735,3,336.0
885961745,3,336.0
885961755,3,336.0
885961765,3,336.0
885961775,3,336.0
885961785,3,336.0
885961795,3,336.0
885961805,3,332.0
885961815,3,332.0
885961825,3,332.0
885961835,3,332.0
885961845,3,332.0
885961855,3,309.0
885961865,3,309.0
885961875,3,309.0
885961885,3,309.0
885961895,3,309.0
885961905,3,294.0
885961915,3,294.0
885961925,3,294.0
885961935,3,294.0
885961945,3,294.0
885961955,3,292.0
885961965,3,292.0
885961975,3,292.0
885961985,3,292.0
885961995,3,292.0
885962005,3,296.0
885962015,3,296.0
885962025,3,296.0
885962035,3,296.0
885962045,3,296.0
885962055,3,296.0
885962065,3,309.0
885962075,3,309.0
885962085,3,309.0
885962095,3,309.0
885962105,3,309.0
885962115,3,329.0
885962125,3,329.0
885962135,3,329.0
885962145,3,329.0
885962155,3,329.0
885962165,3,359.0
885962175,3,359.0
885962185,3,359.0
885962195,3,359.0
885962205,3,359.0
885962215,3,421.0
885962225,3,421.0
885962235,3,421.0
885962245,3,421.0
885962255,3,421.0
885962265,3,525.0
885962275,3,525.0
885962285,3,525.0
885962295,3,525.0
885962305,3,525.0
885962315,3,635.0
885962325,3,635.0
885962335,3,635.0
885962345,3,635.0
885962355,3,635.0
885962365,3,635.0
885962375,3,720.0
885962385,3,720.0
885962395,3,720.0
885962405,3,720.0
885962415,3,720.0
885962425,3,733.0
885962435,3,733.0
885962445,3,733.0
885962455,3,733.0
885962465,3,733.0
885962475,3,733.0
885962485,3,733.0
885962495,3,733.0
885962505,3,733.0
885962515,3,733.0
885962525,3,734.0
885962535,3,734.0
885962545,3,734.0
885962555,3,734.0
885962565,3,734.0
885962575,3,736.0
885962585,3,736.0
885962595,3,736.0
885962605,3,736.0
885962615,3,736.0
885962625,3,734.0
885962635,3,734.0
885962645,3,734.0
885962655,3,734.0
885962665,3,734.0
885962675,3,734.0
885962685,3,728.0
885962695,3,728.0
885962705,3,728.0
885962715,3,728.0
885962725,3,728.0
885962735,3,725.0
885962745,3,725.0
885962755,3,725.0
885962765,3,725.0
885962775,3,725.0
885962785,3,726.0
885962795,3,726.0
885962805,3,726.0
885962815,3,726.0
885962825,3,726.0
885962835,3,696.0
885962845,3,696.0
885962855,3,696.0
885962865,3,696.0
885962875,3,696.0
885962885,3,718.0
885962895,3,718.0
885962905,3,718.0
885962915,3,718.0
885962925,3,718.0
885962935,3,891.0
885962945,3,891.0
885962955,3,891.0
885962965,3,891.0
885962975,3,891.0
885962985,3,891.0
885962995,3,1050.0
885963005,3,1050.0
885963015,3,1050.0
885963025,3,1050.0
885963035,3,1050.0
885963045,3,996.0
885963055,3,996.0
885963065,3,996.0
885963075,3,996.0
885963085,3,996.0
885963095,3,455.0
885963105,3,455.0
885963115,3,455.0
885963125,3,455.0
885963135,3,455.0
885963145,3,273.0
885963155,3,273.0
885963165,3,273.0
885963175,3,273.0
885963185,3,273.0
885963195,3,184.0
885963205,3,184.0
885963215,3,184.0
885963225,3,184.0
885963235,3,184.0
885963245,3,127.0
885963255,3,127.0
885963265,3,127.0
885963275,3,127.0
885963285,3,127.0
885963295,3,113.0
885963305,3,113.0
885963315,3,113.0
885963325,3,113.0
885963335,3,113.0
885963345,3,113.0
885963355,3,142.0
885963365,3,142.0
885963375,3,142.0
885963385,3,142.0
885963395,3,142.0
885963405,3,248.0
885963415,3,248.0
885963425,3,248.0
885963435,3,248.0
885963445,3,248.0
885963455,3,274.0
885963465,3,274.0
885963475,3,274.0
885963485,3,274.0
885963495,3,274.0
885963505,3,50.0
885963515,3,50.0
885963525,3,50.0
885963535,3,50.0
885963545,3,50.0
885963555,3,33.0
885963565,3,33.0
885963575,3,33.0
885963585,3,33.0
885963595,3,33.0
885963605,3,37.0
885963615,3,37.0
885963625,3,37.0
885963635,3,37.0
885963645,3,37.0
885963655,3,37.0
885963665,3,35.0
885963675,3,35.0
885963685,3,35.0
885963695,3,35.0
885963705,3,35.0
885963715,3,30.0
885963725,3,30.0
885963735,3,30.0
885963745,3,30.0
885963755,3,30.0
885963765,3,26.0
885963775,3,26.0
885963785,3,26.0
885963795,3,26.0
885963805,3,26.0
885963815,3,23.0
885963825,3,23.0
885963835,3,23.0
885963845,3,23.0
885963855,3,23.0
885963865,3,22.0
885963875,3,22.0
885963885,3,22.0
885963895,3,22.0
885963905,3,22.0
885963915,3,21.0
885963925,3,21.0
885963935,3,21.0
885963945,3,21.0
885963955,3,21.0
885963965,3,21.0
885963975,3,20.0
885963985,3,20.0
885963995,3,20.0
885964005,3,20.0
885964015,3,20.0
885964025,3,19.0
885964035,3,19.0
885964045,3,19.0
885964055,3,19.0
885964065,3,19.0
885964075,3,19.0
885964085,3,19.0
885964095,3,19.0
885964105,3,19.0
885964115,3,19.0
885964125,3,18.0
885964135,3,18.0
885964145,3,18.0
885964155,3,18.0
885964165,3,18.0
885964175,3,19.0
885964185,3,19.0
885964195,3,19.0
885964205,3,19.0
885964215,3,19.0
885964225,3,21.0
885964235,3,21.0
885964245,3,21.0
885964255,3,21.0
885964265,3,21.0
885964275,3,21.0
885964285,3,21.0
885964295,3,21.0
885964305,3,21.0
885964315,3,21.0
885964325,3,21.0
885964335,3,18.0
885964345,3,18.0
885964355,3,18.0
885964365,3,18.0
885964375,3,18.0
885964385,3,22.0
885964395,3,22.0
885964405,3,22.0
885964415,3,22.0
885964425,3,22.0
885964435,3,24.0
885964445,3,24.0
885964455,3,24.0
885964465,3,24.0
885964475,3,24.0
885964485,3,22.0
885964495,3,22.0
885964505,3,22.0
885964515,3,22.0
885964525,3,22.0
885964535,3,19.0
885964545,3,19.0
885964555,3,19.0
885964565,3,19.0
885964575,3,19.0
885964585,3,69.0
885964595,3,69.0
885964605,3,69.0
885964615,3,69.0
885964625,3,69.0
885964635,3,69.0
885964645,3,45.0
885964655,3,45.0
885964665,3,45.0
885964675,3,45.0
885964685,3,45.0
885964695,3,63.0
885964705,3,63.0
885964715,3,63.0
885964725,3,63.0
885964735,3,63.0
885964745,3,106.0
885964755,3,106.0
885964765,3,106.0
885964775,3,106.0
885964785,3,106.0
885964795,3,137.0
885964805,3,137.0
885964815,3,137.0
885964825,3,137.0
885964835,3,137.0
885964845,3,276.0
885964855,3,276.0
885964865,3,276.0
885964875,3,276.0
885964885,3,276.0
885964895,3,1372.0
885964905,3,1372.0
885964915,3,1372.0
885964925,3,1372.0
885964935,3,1372.0
885964945,3,1372.0
885964955,3,3667.0
885964965,3,3667.0
885964975,3,3667.0
885964985,3,3667.0
885964995,3,3667.0
885965005,3,3357.0
885965015,3,3357.0
885965025,3,3357.0
885965035,3,3357.0
885965045,3,3357.0
885965055,3,1731.0
885965065,3,1731.0
885965075,3,1731.0
885965085,3,1731.0
885965095,3,1731.0
885965105,3,759.0
885965115,3,759.0
885965125,3,759.0
885965135,3,759.0
885965145,3,759.0
885965155,3,393.0
885965165,3,393.0
885965175,3,393.0
885965185,3,393.0
885965195,3,393.0
885965205,3,352.0
885965215,3,352.0
885965225,3,352.0
885965235,3,352.0
885965245,3,352.0
885965255,3,352.0
885965265,3,369.0
885965275,3,369.0
885965285,3,369.0
885965295,3,369.0
885965305,3,369.0
885965315,3,410.0
885965325,3,410.0
885965335,3,410.0
885965345,3,410.0
885965355,3,410.0
885965365,3,532.0
885965375,3,532.0
885965385,3,532.0
885965395,3,532.0
885965405,3,532.0
885965415,3,589.0
885965425,3,589.0
885965435,3,589.0
885965445,3,589.0
885965455,3,589.0
885965465,3,783.0
885965475,3,783.0
885965485,3,783.0
885965495,3,783.0
885965505,3,783.0
885965515,3,870.0
885965525,3,870.0
885965535,3,870.0
885965545,3,870.0
885965555,3,870.0
885965565,3,533.0
885965575,3,533.0
885965585,3,533.0
885965595,3,533.0
885965605,3,533.0
885965615,3,533.0
885965625,3,341.0
885965635,3,341.0
885965645,3,341.0
885965655,3,341.0
885965665,3,341.0
885965675,3,285.0
885965685,3,285.0
885965695,3,285.0
885965705,3,285.0
885965715,3,285.0
885965725,3,271.0
885965735,3,271.0
885965745,3,271.0
885965755,3,271.0
885965765,3,271.0
885965775,3,238.0
885965785,3,238.0
885965795,3,238.0
885965805,3,238.0
885965815,3,238.0
885965825,3,193.0
885965835,3,193.0
885965845,3,193.0
885965855,3,193.0
885965865,3,193.0
885965875,3,143.0
885965885,3,143.0
885965895,3,143.0
885965905,3,143.0
885965915,3,143.0
885965925,3,143.0
885965935,3,92.0
885965945,3,92.0
885965955,3,92.0
885965965,3,92.0
885965975,3,92.0
885965985,3,66.0
885965995,3,66.0
885966005,3,66.0
885966015,3,66.0
885966025,3,66.0
885966035,3,63.0
885966045,3,63.0
885966055,3,63.0
885966065,3,63.0
885966075,3,63.0
885966085,3,123.0
885966095,3,123.0
885966105,3,123.0
885966115,3,123.0
885966125,3,123.0
885966135,3,231.0
885966145,3,231.0
885966155,3,231.0
885966165,3,231.0
885966175,3,231.0
885966185,3,287.0
885966195,3,287.0
885966205,3,287.0
885966215,3,287.0
885966225,3,287.0
885966235,3,287.0
885966245,3,18.0
885966255,3,18.0
885966265,3,18.0
885966275,3,18.0
885966285,3,18.0
885966295,3,14.0
885966305,3,14.0
885966315,3,14.0
885966325,3,14.0
885966335,3,14.0
885966345,3,14.0
885966355,3,14.0
885966365,3,14.0
885966375,3,14.0
885966385,3,14.0
885966395,3,14.0
885966405,3,14.0
885966415,3,14.0
885966425,3,14.0
885966435,3,14.0
885966445,3,15.0
885966455,3,15.0
885966465,3,15.0
885966475,3,15.0
885966485,3,15.0
885966495,3,16.0
885966505,3,16.0
885966515,3,16.0
885966525,3,16.0
885966535,3,16.0
885966545,3,16.0
885966555,3,17.0
885966565,3,17.0
885966575,3,17.0
885966585,3,17.0
885966595,3,17.0
885966605,3,16.0
885966615,3,16.0
885966625,3,16.0
885966635,3,16.0
885966645,3,16.0
885966655,3,14.0
885966665,3,14.0
885966675,3,14.0
885966685,3,14.0
885966695,3,14.0
885966705,3,16.0
885966715,3,16.0
885966725,3,16.0
885966735,3,16.0
885966745,3,16.0
885966755,3,266.0
885966765,3,266.0
885966775,3,266.0
885966785,3,266.0
885966795,3,266.0
885966805,3,350.0
885966815,3,350.0
885966825,3,350.0
885966835,3,350.0
885966845,3,350.0
885966855,3,350.0
885966865,3,116.0
885966875,3,116.0
885966885,3,116.0
885966895,3,116.0
885966905,3,116.0
885966915,3,215.0
885966925,3,215.0
885966935,3,215.0
885966945,3,215.0
885966955,3,215.0
885966965,3,286.0
885966975,3,286.0
885966985,3,286.0
885966995,3,286.0
885967005,3,286.0
885967015,3,283.0
885967025,3,283.0
885967035,3,283.0
885967045,3,283.0
885967055,3,283.0
885967065,3,287.0
885967075,3,287.0
885967085,3,287.0
885967095,3,287.0
885967105,3,287.0
885967115,3,310.0
885967125,3,310.0
885967135,3,310.0
885967145,3,310.0
885967155,3,310.0
885967165,3,310.0
885967175,3,325.0
885967185,3,325.0
885967195,3,325.0
885967205,3,325.0
885967215,3,325.0
885967225,3,263.0
885967235,3,263.0
885967245,3,263.0
885967255,3,263.0
885967265,3,263.0
885967275,3,225.0
885967285,3,225.0
885967295,3,225.0
885967305,3,225.0
885967315,3,225.0
885967325,3,249.0
885967335,3,249.0
885967345,3,249.0
885967355,3,249.0
885967365,3,249.0
885967375,3,271.0
885967385,3,271.0
885967395,3,271.0
885967405,3,271.0
885967415,3,271.0
885967425,3,282.0
885967435,3,282.0
885967445,3,282.0
885967455,3,282.0
885967465,3,282.0
885967475,3,383.0
885967485,3,383.0
885967495,3,383.0
885967505,3,383.0
885967515,3,383.0
885967525,3,383.0
885967535,3,432.0
885967545,3,432.0
885967555,3,432.0
885967565,3,432.0
885967575,3,432.0
885967585,3,417.0
885967595,3,417.0
885967605,3,417.0
885967615,3,417.0
885967625,3,417.0
885967635,3,289.0
885967645,3,289.0
885967655,3,289.0
885967665,3,289.0
885967675,3,289.0
885967685,3,184.0
885967695,3,184.0
885967705,3,184.0
885967715,3,184.0
885967725,3,184.0
885967735,3,116.0
885967745,3,116.0
885967755,3,116.0
885967765,3,116.0
885967775,3,116.0
885967785,3,94.0
885967795,3,94.0
885967805,3,94.0
885967815,3,94.0
885967825,3,94.0
885967835,3,94.0
885967845,3,68.0
885967855,3,68.0
885967865,3,68.0
885967875,3,68.0
885967885,3,68.0
885967895,3,43.0
885967905,3,43.0
885967915,3,43.0
885967925,3,43.0
885967935,3,43.0
885967945,3,30.0
885967955,3,30.0
885967965,3,30.0
885967975,3,30.0
885967985,3,30.0
885967995,3,29.0
885968005,3,29.0
885968015,3,29.0
885968025,3,29.0
885968035,3,29.0
885968045,3,25.0
885968055,3,25.0
885968065,3,25.0
885968075,3,25.0
885968085,3,25.0
885968095,3,21.0
885968105,3,21.0
885968115,3,21.0
885968125,3,21.0
885968135,3,21.0
885968145,3,21.0
885968155,3,18.0
885968165,3,18.0
885968175,3,18.0
885968185,3,18.0
885968195,3,18.0
885968205,3,16.0
885968215,3,16.0
885968225,3,16.0
885968235,3,16.0
885968245,3,16.0
885968255,3,17.0
885968265,3,17.0
885968275,3,17.0
885968285,3,17.0
885968295,3,17.0
885968305,3,17.0
885968315,3,17.0
885968325,3,17.0
885968335,3,17.0
885968345,3,17.0
885968355,3,17.0
885968365,3,17.0
885968375,3,17.0
885968385,3,17.0
885968395,3,17.0
885968405,3,17.0
885968415,3,17.0
885968425,3,17.0
885968435,3,17.0
885968445,3,17.0
885968455,3,17.0
885968465,3,18.0
885968475,3,18.0
885968485,3,18.0
885968495,3,18.0
885968505,3,18.0
885968515,3,24.0
885968525,3,24.0
885968535,3,24.0
885968545,3,24.0
885968555,3,24.0
885968565,3,111.0
885968575,3,111.0
885968585,3,111.0
885968595,3,111.0
885968605,3,111.0
885968615,3,144.0
885968625,3,144.0
885968635,3,144.0
885968645,3,144.0
885968655,3,144.0
885968665,3,208.0
885968675,3,208.0
885968685,3,208.0
885968695,3,208.0
885968705,3,208.0
885968715,3,256.0
885968725,3,256.0
885968735,3,256.0
885968745,3,256.0
885968755,3,256.0
885968765,3,256.0
885968775,3,303.0
885968785,3,303.0
885968795,3,303.0
885968805,3,303.0
885968815,3,303.0
885968825,3,368.0
885968835,3,368.0
885968845,3,368.0
885968855,3,368.0
885968865,3,368.0
885968875,3,329.0
885968885,3,329.0
885968895,3,329.0
885968905,3,329.0
885968915,3,329.0
885968925,3,233.0
885968935,3,233.0
885968945,3,233.0
885968955,3,233.0
885968965,3,233.0
885968975,3,174.0
885968985,3,174.0
885968995,3,174.0
885969005,3,174.0
885969015,3,174.0
885969025,3,156.0
885969035,3,156.0
885969045,3,156.0
885969055,3,156.0
885969065,3,156.0
885969075,3,159.0
885969085,3,159.0
885969095,3,159.0
885969105,3,159.0
885969115,3,159.0
885969125,3,159.0
885969135,3,218.0
885969145,3,218.0
885969155,3,218.0
885969165,3,218.0
885969175,3,218.0
885969185,3,326.0
885969195,3,326.0
885969205,3,326.0
885969215,3,326.0
885969225,3,326.0
885969235,3,187.0
885969245,3,187.0
885969255,3,187.0
885969265,3,187.0
885969275,3,187.0
885969285,3,66.0
885969295,3,66.0
885969305,3,66.0
885969315,3,66.0
885969325,3,66.0
885969335,3,36.0
885969345,3,36.0
885969355,3,36.0
885969365,3,36.0
885969375,3,36.0
885969385,3,66.0
885969395,3,66.0
885969405,3,66.0
885969415,3,66.0
885969425,3,66.0
885969435,3,66.0
885969445,3,133.0
885969455,3,133.0
885969465,3,133.0
885969475,3,133.0
885969485,3,133.0
885969495,3,302.0
885969505,3,302.0
885969515,3,302.0
885969525,3,302.0
885969535,3,302.0
885969545,3,52.0
885969555,3,52.0
885969565,3,52.0
885969575,3,52.0
885969585,3,52.0
885969595,3,8.0
885969605,3,8.0
885969615,3,8.0
885969625,3,8.0
885969635,3,8.0
885969645,3,11.0
885969655,3,11.0
885969665,3,11.0
885969675,3,11.0
885969685,3,11.0
885969695,3,12.0
885969705,3,12.0
885969715,3,12.0
885969725,3,12.0
885969735,3,12.0
885969745,3,12.0
885969755,3,18.0
885969765,3,18.0
885969775,3,18.0
885969785,3,18.0
885969795,3,18.0
885969805,3,183.0
885969815,3,183.0
885969825,3,183.0
885969835,3,183.0
885969845,3,183.0
885969855,3,205.0
885969865,3,205.0
885969875,3,205.0
885969885,3,205.0
885969895,3,205.0
885969905,3,222.0
885969915,3,222.0
885969925,3,222.0
885969935,3,222.0
885969945,3,222.0
885969955,3,38.0
885969965,3,38.0
885969975,3,38.0
885969985,3,38.0
885969995,3,38.0
885970005,3,13.0
885970015,3,13.0
885970025,3,13.0
885970035,3,13.0
885970045,3,13.0
885970055,3,12.0
885970065,3,12.0
885970075,3,12.0
885970085,3,12.0
885970095,3,12.0
885970105,3,12.0
885970115,3,13.0
885970125,3,13.0
885970135,3,13.0
885970145,3,13.0
885970155,3,13.0
885970165,3,45.0
885970175,3,45.0
885970185,3,45.0
885970195,3,45.0
885970205,3,45.0
885970215,3,225.0
885970225,3,225.0
885970235,3,225.0
885970245,3,225.0
885970255,3,225.0
885970265,3,234.0
885970275,3,234.0
885970285,3,234.0
885970295,3,234.0
885970305,3,234.0
885970315,3,105.0
885970325,3,105.0
885970335,3,105.0
885970345,3,105.0
885970355,3,105.0
885970365,3,13.0
885970375,3,13.0
885970385,3,13.0
885970395,3,13.0
885970405,3,13.0
885970415,3,13.0
885970425,3,25.0
885970435,3,25.0
885970445,3,25.0
885970455,3,25.0
885970465,3,25.0
885970475,3,30.0
885970485,3,30.0
885970495,3,30.0
885970505,3,30.0
885970515,3,30.0
885970525,3,19.0
885970535,3,19.0
885970545,3,19.0
885970555,3,19.0
885970565,3,19.0
885970575,3,121.0
885970585,3,121.0
885970595,3,121.0
885970605,3,121.0
885970615,3,121.0
885970625,3,255.0
885970635,3,255.0
885970645,3,255.0
885970655,3,255.0
885970665,3,255.0
885970675,3,191.0
885970685,3,191.0
885970695,3,191.0
885970705,3,191.0
885970715,3,191.0
885970725,3,191.0
885970735,3,19.0
885970745,3,19.0
885970755,3,19.0
885970765,3,19.0
885970775,3,19.0
885970785,3,11.0
885970795,3,11.0
885970805,3,11.0
885970815,3,11.0
885970825,3,11.0
885970835,3,13.0
885970845,3,13.0
885970855,3,13.0
885970865,3,13.0
885970875,3,13.0
885970885,3,14.0
885970895,3,14.0
885970905,3,14.0
885970915,3,14.0
885970925,3,14.0
885970935,3,12.0
885970945,3,12.0
885970955,3,12.0
885970965,3,12.0
885970975,3,12.0
885970985,3,119.0
885970995,3,119.0
885971005,3,119.0
885971015,3,119.0
885971025,3,119.0
885971035,3,119.0
885971045,3,179.0
885971055,3,179.0
885971065,3,179.0
885971075,3,179.0
885971085,3,179.0
885971095,3,136.0
885971105,3,136.0
885971115,3,136.0
885971125,3,136.0
885971135,3,136.0
885971145,3,26.0
885971155,3,26.0
885971165,3,26.0
885971175,3,26.0
885971185,3,26.0
885971195,3,17.0
885971205,3,17.0
885971215,3,17.0
885971225,3,17.0
885971235,3,17.0
885971245,3,22.0
885971255,3,22.0
885971265,3,22.0
885971275,3,22.0
885971285,3,22.0
885971295,3,49.0
885971305,3,49.0
885971315,3,49.0
885971325,3,49.0
885971335,3,49.0
885971345,3,166.0
885971355,3,166.0
885971365,3,166.0
885971375,3,166.0
885971385,3,166.0
885971395,3,166.0
885971405,3,137.0
885971415,3,137.0
885971425,3,137.0
885971435,3,137.0
885971445,3,137.0
885971455,3,108.0
885971465,3,108.0
885971475,3,108.0
885971485,3,108.0
885971495,3,108.0
885971505,3,118.0
885971515,3,118.0
885971525,3,118.0
885971535,3,118.0
885971545,3,118.0
885971555,3,135.0
885971565,3,135.0
885971575,3,135.0
885971585,3,135.0
885971595,3,135.0
885971605,3,176.0
885971615,3,176.0
885971625,3,176.0
885971635,3,176.0
885971645,3,176.0
885971655,3,226.0
885971665,3,226.0
885971675,3,226.0
885971685,3,226.0
885971695,3,226.0
885971705,3,226.0
885971715,3,296.0
885971725,3,296.0
885971735,3,296.0
885971745,3,296.0
885971755,3,296.0
885971765,3,307.0
885971775,3,307.0
885971785,3,307.0
885971795,3,307.0
885971805,3,307.0
885971815,3,301.0
885971825,3,301.0
885971835,3,301.0
885971845,3,301.0
885971855,3,301.0
885971865,3,313.0
885971875,3,313.0
885971885,3,313.0
885971895,3,313.0
885971905,3,313.0
885971915,3,323.0
885971925,3,323.0
885971935,3,323.0
885971945,3,323.0
885971955,3,323.0
885971965,3,326.0
885971975,3,326.0
885971985,3,326.0
885971995,3,326.0
885972005,3,326.0
885972015,3,326.0
885972025,3,334.0
885972035,3,334.0
885972045,3,334.0
885972055,3,334.0
885972065,3,334.0
885972075,3,341.0
885972085,3,341.0
885972095,3,341.0
885972105,3,341.0
885972115,3,341.0
885972125,3,293.0
885972135,3,293.0
885972145,3,293.0
885972155,3,293.0
885972165,3,293.0
885972175,3,199.0
885972185,3,199.0
885972195,3,199.0
885972205,3,199.0
885972215,3,199.0
885972225,3,99.0
885972235,3,99.0
885972245,3,99.0
885972255,3,99.0
885972265,3,99.0
885972275,3,40.0
885972285,3,40.0
885972295,3,40.0
885972305,3,40.0
885972315,3,40.0
885972325,3,40.0
885972335,3,17.0
885972345,3,17.0
885972355,3,17.0
885972365,3,17.0
885972375,3,17.0
885972385,3,14.0
885972395,3,14.0
885972405,3,14.0
885972415,3,14.0
885972425,3,14.0
885972435,3,14.0
885972445,3,14.0
885972455,3,14.0
885972465,3,14.0
885972475,3,14.0
885972485,3,16.0
885972495,3,16.0
885972505,3,16.0
885972515,3,16.0
885972525,3,16.0
885972535,3,16.0
885972545,3,16.0
885972555,3,16.0
885972565,3,16.0
885972575,3,16.0
885972585,3,14.0
885972595,3,14.0
885972605,3,14.0
885972615,3,14.0
885972625,3,14.0
885972635,3,14.0
885972645,3,12.0
885972655,3,12.0
885972665,3,12.0
885972675,3,12.0
885972685,3,12.0
885972695,3,11.0
885972705,3,11.0
885972715,3,11.0
885972725,3,11.0
885972735,3,11.0
885972745,3,10.0
885972755,3,10.0
885972765,3,10.0
885972775,3,10.0
885972785,3,10.0
885972795,3,10.0
885972805,3,10.0
885972815,3,10.0
885972825,3,10.0
885972835,3,10.0
885972845,3,10.0
885972855,3,10.0
885972865,3,10.0
885972875,3,10.0
885972885,3,10.0
885972895,3,10.0
885972905,3,10.0
885972915,3,10.0
885972925,3,10.0
885972935,3,10.0
885972945,3,10.0
885972955,3,9.0
885972965,3,9.0
885972975,3,9.0
885972985,3,9.0
885972995,3,9.0
885973005,3,9.0
885973015,3,9.0
885973025,3,9.0
885973035,3,9.0
885973045,3,9.0
885973055,3,9.0
885973065,3,9.0
885973075,3,9.0
885973085,3,9.0
885973095,3,9.0
885973105,3,9.0
885973115,3,9.0
885973125,3,9.0
885973135,3,9.0
885973145,3,9.0
885973155,3,10.0
885973165,3,10.0
885973175,3,10.0
885973185,3,10.0
885973195,3,10.0
885973205,3,12.0
885973215,3,12.0
885973225,3,12.0
885973235,3,12.0
885973245,3,12.0
885973255,3,14.0
885973265,3,14.0
885973275,3,14.0
885973285,3,14.0
885973295,3,14.0
885973305,3,14.0
885973315,3,15.0
885973325,3,15.0
885973335,3,15.0
885973345,3,15.0
885973355,3,15.0
885973365,3,16.0
885973375,3,16.0
885973385,3,16.0
885973395,3,16.0
885973405,3,16.0
885973415,3,18.0
885973425,3,18.0
885973435,3,18.0
885973445,3,18.0
885973455,3,18.0
885973465,3,28.0
885973475,3,28.0
885973485,3,28.0
885973495,3,28.0
885973505,3,28.0
885973515,3,59.0
885973525,3,59.0
885973535,3,59.0
885973545,3,59.0
885973555,3,59.0
885973565,3,116.0
885973575,3,116.0
885973585,3,116.0
885973595,3,116.0
885973605,3,116.0
885973615,3,116.0
885973625,3,162.0
885973635,3,162.0
885973645,3,162.0
885973655,3,162.0
885973665,3,162.0
885973675,3,156.0
885973685,3,156.0
885973695,3,156.0
885973705,3,156.0
885973715,3,156.0
885973725,3,87.0
885973735,3,87.0
885973745,3,87.0
885973755,3,87.0
885973765,3,87.0
885973775,3,40.0
885973785,3,40.0
885973795,3,40.0
885973805,3,40.0
885973815,3,40.0
885973825,3,32.0
885973835,3,32.0
885973845,3,32.0
885973855,3,32.0
885973865,3,32.0
885973875,3,101.0
885973885,3,101.0
885973895,3,101.0
885973905,3,101.0
885973915,3,101.0
885973925,3,101.0
885973935,3,122.0
885973945,3,122.0
885973955,3,122.0
885973965,3,122.0
885973975,3,122.0
885973985,3,48.0
885973995,3,48.0
885974005,3,48.0
885974015,3,48.0
885974025,3,48.0
885974035,3,82.0
885974045,3,82.0
885974055,3,82.0
885974065,3,82.0
885974075,3,82.0
885974085,3,148.0
885974095,3,148.0
885974105,3,148.0
885974115,3,148.0
885974125,3,148.0
885974135,3,248.0
885974145,3,248.0
885974155,3,248.0
885974165,3,248.0
885974175,3,248.0
885974185,3,352.0
885974195,3,352.0
885974205,3,352.0
885974215,3,352.0
885974225,3,352.0
885974235,3,352.0
885974245,3,396.0
885974255,3,396.0
885974265,3,396.0
885974275,3,396.0
885974285,3,396.0
885974295,3,339.0
885974305,3,339.0
885974315,3,339.0
885974325,3,339.0
885974335,3,339.0
885974345,3,281.0
885974355,3,281.0
885974365,3,281.0
885974375,3,281.0
885974385,3,281.0
885974395,3,254.0
885974405,3,254.0
885974415,3,254.0
885974425,3,254.0
885974435,3,254.0
885974445,3,234.0
885974455,3,234.0
885974465,3,234.0
885974475,3,234.0
885974485,3,234.0
885974495,3,206.0
885974505,3,206.0
885974515,3,206.0
885974525,3,206.0
885974535,3,206.0
885974545,3,182.0
885974555,3,182.0
885974565,3,182.0
885974575,3,182.0
885974585,3,182.0
885974595,3,182.0
885974605,3,156.0
885974615,3,156.0
885974625,3,156.0
885974635,3,156.0
885974645,3,156.0
885974655,3,124.0
885974665,3,124.0
885974675,3,124.0
885974685,3,124.0
885974695,3,124.0
885974705,3,104.0
885974715,3,104.0
885974725,3,104.0
885974735,3,104.0
885974745,3,104.0
885974755,3,113.0
885974765,3,113.0
885974775,3,113.0
885974785,3,113.0
885974795,3,113.0
885974805,3,173.0
885974815,3,173.0
885974825,3,173.0
885974835,3,173.0
885974845,3,173.0
885974855,3,303.0
885974865,3,303.0
885974875,3,303.0
885974885,3,303.0
885974895,3,303.0
885974905,3,303.0
885974915,3,585.0
885974925,3,585.0
885974935,3,585.0
885974945,3,585.0
885974955,3,585.0
885974965,3,362.0
885974975,3,362.0
885974985,3,362.0
885974995,3,362.0
885975005,3,362.0
885975015,3,185.0
885975025,3,185.0
885975035,3,185.0
885975045,3,185.0
885975055,3,185.0
885975065,3,138.0
885975075,3,138.0
885975085,3,138.0
885975095,3,138.0
885975105,3,138.0
885975115,3,131.0
885975125,3,131.0
885975135,3,131.0
885975145,3,131.0
885975155,3,131.0
885975165,3,161.0
885975175,3,161.0
885975185,3,161.0
885975195,3,161.0
885975205,3,161.0
885975215,3,161.0
885975225,3,259.0
885975235,3,259.0
885975245,3,259.0
885975255,3,259.0
885975265,3,259.0
885975275,3,358.0
885975285,3,358.0
885975295,3,358.0
885975305,3,358.0
885975315,3,358.0
885975325,3,311.0
885975335,3,311.0
885975345,3,311.0
885975355,3,311.0
885975365,3,311.0
885975375,3,275.0
885975385,3,275.0
885975395,3,275.0
885975405,3,275.0
885975415,3,275.0
885975425,3,353.0
885975435,3,353.0
885975445,3,353.0
885975455,3,353.0
885975465,3,353.0
885975475,3,423.0
885975485,3,423.0
885975495,3,423.0
885975505,3,423.0
885975515,3,423.0
885975525,3,397.0
885975535,3,397.0
885975545,3,397.0
885975555,3,397.0
885975565,3,397.0
885975575,3,397.0
885975585,3,495.0
885975595,3,495.0
885975605,3,495.0
885975615,3,495.0
885975625,3,495.0
885975635,3,619.0
885975645,3,619.0
885975655,3,619.0
885975665,3,619.0
885975675,3,619.0
885975685,3,1125.0
885975695,3,1125.0
885975705,3,1125.0
885975715,3,1125.0
885975725,3,1125.0
885975735,3,1881.0
885975745,3,1881.0
885975755,3,1881.0
885975765,3,1881.0
885975775,3,1881.0
885975785,3,2277.0
885975795,3,2277.0
885975805,3,2277.0
885975815,3,2277.0
885975825,3,2277.0
885975835,3,2862.0
885975845,3,2862.0
885975855,3,2862.0
885975865,3,2862.0
885975875,3,2862.0
885975885,3,2862.0
885975895,3,2876.0
885975905,3,2876.0
885975915,3,2876.0
885975925,3,2876.0
885975935,3,2876.0
885975945,3,2831.0
885975955,3,2831.0
885975965,3,2831.0
885975975,3,2831.0
885975985,3,2831.0
885975995,3,3536.0
885976005,3,3536.0
885976015,3,3536.0
885976025,3,3536.0
885976035,3,3536.0
885976045,3,3879.0
885976055,3,3879.0
885976065,3,3879.0
885976075,3,3879.0
885976085,3,3879.0
885976095,3,3669.0
885976105,3,3669.0
885976115,3,3669.0
885976125,3,3669.0
885976135,3,3669.0
885976145,3,2947.0
885976155,3,2947.0
885976165,3,2947.0
885976175,3,2947.0
885976185,3,2947.0
885976195,3,2947.0
885976205,3,1918.0
885976215,3,1918.0
885976225,3,1918.0
885976235,3,1918.0
885976245,3,1918.0
885976255,3,726.0
885976265,3,726.0
885976275,3,726.0
885976285,3,726.0
885976295,3,726.0
885976305,3,468.0
885976315,3,468.0
885976325,3,468.0
885976335,3,468.0
885976345,3,468.0
885976355,3,375.0
885976365,3,375.0
885976375,3,375.0
885976385,3,375.0
885976395,3,375.0
885976405,3,321.0
885976415,3,321.0
885976425,3,321.0
885976435,3,321.0
885976445,3,321.0
885976455,3,303.0
885976465,3,303.0
885976475,3,303.0
885976485,3,303.0
885976495,3,303.0
885976505,3,303.0
885976515,3,316.0
885976525,3,316.0
885976535,3,316.0
885976545,3,316.0
885976555,3,316.0
885976565,3,328.0
885976575,3,328.0
885976585,3,328.0
885976595,3,328.0
885976605,3,328.0
885976615,3,329.0
885976625,3,329.0
885976635,3,329.0
885976645,3,329.0
885976655,3,329.0
885976665,3,315.0
885976675,3,315.0
885976685,3,315.0
885976695,3,315.0
885976705,3,315.0
885976715,3,295.0
885976725,3,295.0
885976735,3,295.0
885976745,3,295.0
885976755,3,295.0
885976765,3,262.0
885976775,3,262.0
885976785,3,262.0
885976795,3,262.0
885976805,3,262.0
885976815,3,262.0
885976825,3,221.0
885976835,3,221.0
885976845,3,221.0
885976855,3,221.0
885976865,3,221.0
885976875,3,182.0
885976885,3,182.0
885976895,3,182.0
885976905,3,182.0
885976915,3,182.0
885976925,3,149.0
885976935,3,149.0
885976945,3,149.0
885976955,3,149.0
885976965,3,149.0
885976975,3,126.0
885976985,3,126.0
885976995,3,126.0
885977005,3,126.0
885977015,3,126.0
885977025,3,116.0
885977035,3,116.0
885977045,3,116.0
885977055,3,116.0
885977065,3,116.0
885977075,3,115.0
885977085,3,115.0
885977095,3,115.0
885977105,3,115.0
885977115,3,115.0
885977125,3,115.0
885977135,3,115.0
885977145,3,115.0
885977155,3,115.0
885977165,3,115.0
885977175,3,115.0
885977185,3,116.0
885977195,3,116.0
885977205,3,116.0
885977215,3,116.0
885977225,3,116.0
885977235,3,117.0
885977245,3,117.0
885977255,3,117.0
885977265,3,117.0
885977275,3,117.0
885977285,3,119.0
885977295,3,119.0
885977305,3,119.0
885977315,3,119.0
885977325,3,119.0
885977335,3,120.0
885977345,3,120.0
885977355,3,120.0
885977365,3,120.0
885977375,3,120.0
885977385,3,119.0
885977395,3,119.0
885977405,3,119.0
885977415,3,119.0
885977425,3,119.0
885977435,3,116.0
885977445,3,116.0
885977455,3,116.0
885977465,3,116.0
885977475,3,116.0
885977485,3,116.0
885977495,3,112.0
885977505,3,112.0
885977515,3,112.0
885977525,3,112.0
885977535,3,112.0
885977545,3,108.0
885977555,3,108.0
885977565,3,108.0
885977575,3,108.0
885977585,3,108.0
885977595,3,107.0
885977605,3,107.0
885977615,3,107.0
885977625,3,107.0
885977635,3,107.0
885977645,3,106.0
885977655,3,106.0
885977665,3,106.0
885977675,3,106.0
885977685,3,106.0
885977695,3,106.0
885977705,3,106.0
885977715,3,106.0
885977725,3,106.0
885977735,3,106.0
885977745,3,106.0
885977755,3,106.0
885977765,3,106.0
885977775,3,106.0
885977785,3,106.0
885977795,3,106.0
885977805,3,109.0
885977815,3,109.0
885977825,3,109.0
885977835,3,109.0
885977845,3,109.0
885977855,3,115.0
885977865,3,115.0
885977875,3,115.0
885977885,3,115.0
885977895,3,115.0
885977905,3,129.0
885977915,3,129.0
885977925,3,129.0
885977935,3,129.0
885977945,3,129.0
885977955,3,164.0
885977965,3,164.0
885977975,3,164.0
885977985,3,164.0
885977995,3,164.0
885978005,3,251.0
885978015,3,251.0
885978025,3,251.0
885978035,3,251.0
885978045,3,251.0
885978055,3,414.0
885978065,3,414.0
885978075,3,414.0
885978085,3,414.0
885978095,3,414.0
885978105,3,414.0
885978115,3,645.0
885978125,3,645.0
885978135,3,645.0
885978145,3,645.0
885978155,3,645.0
885978165,3,1108.0
885978175,3,1108.0
885978185,3,1108.0
885978195,3,1108.0
885978205,3,1108.0
885978215,3,1524.0
885978225,3,1524.0
885978235,3,1524.0
885978245,3,1524.0
885978255,3,1524.0
885978265,3,1374.0
885978275,3,1374.0
885978285,3,1374.0
885978295,3,1374.0
885978305,3,1374.0
885978315,3,637.0
885978325,3,637.0
885978335,3,637.0
885978345,3,637.0
885978355,3,637.0
885978365,3,214.0
885978375,3,214.0
885978385,3,214.0
885978395,3,214.0
885978405,3,214.0
885978415,3,91.0
885978425,3,91.0
885978435,3,91.0
885978445,3,91.0
885978455,3,91.0
885978465,3,91.0
885978475,3,62.0
885978485,3,62.0
885978495,3,62.0
885978505,3,62.0
885978515,3,62.0
885978525,3,63.0
885978535,3,63.0
885978545,3,63.0
885978555,3,63.0
885978565,3,63.0
885978575,3,59.0
885978585,3,59.0
885978595,3,59.0
885978605,3,59.0
885978615,3,59.0
885978625,3,47.0
885978635,3,47.0
885978645,3,47.0
885978655,3,47.0
885978665,3,47.0
885978675,3,32.0
885978685,3,32.0
885978695,3,32.0
885978705,3,32.0
885978715,3,32.0
885978725,3,23.0
885978735,3,23.0
885978745,3,23.0
885978755,3,23.0
885978765,3,23.0
885978775,3,23.0
885978785,3,19.0
885978795,3,19.0
885978805,3,19.0
885978815,3,19.0
885978825,3,19.0
885978835,3,20.0
885978845,3,20.0
885978855,3,20.0
885978865,3,20.0
885978875,3,20.0
885978885,3,23.0
885978895,3,23.0
885978905,3,23.0
885978915,3,23.0
885978925,3,23.0
885978935,3,20.0
885978945,3,20.0
885978955,3,20.0
885978965,3,20.0
885978975,3,20.0
885978985,3,8.0
885978995,3,8.0
885979005,3,8.0
885979015,3,8.0
885979025,3,8.0
885979035,3,12.0
885979045,3,12.0
885979055,3,12.0
885979065,3,12.0
885979075,3,12.0
885979085,3,12.0
885979095,3,9.0
885979105,3,9.0
885979115,3,9.0
885979125,3,9.0
885979135,3,9.0
885979145,3,5.0
885979155,3,5.0
885979165,3,5.0
885979175,3,5.0
885979185,3,5.0
885979195,3,3.0
885979205,3,3.0
885979215,3,3.0
885979225,3,3.0
885979235,3,3.0
885979245,3,3.0
885979255,3,3.0
885979265,3,3.0
885979275,3,3.0
885979285,3,3.0
885979295,3,7.0
885979305,3,7.0
885979315,3,7.0
885979325,3,7.0
885979335,3,7.0
885979345,3,11.0
885979355,3,11.0
885979365,3,11.0
885979375,3,11.0
885979385,3,11.0
885979395,3,11.0
885979405,3,12.0
885979415,3,12.0
885979425,3,12.0
885979435,3,12.0
885979445,3,12.0
885979455,3,13.0
885979465,3,13.0
885979475,3,13.0
885979485,3,13.0
885979495,3,13.0
885979505,3,15.0
885979515,3,15.0
885979525,3,15.0
885979535,3,15.0
885979545,3,15.0
885979555,3,15.0
885979565,3,15.0
885979575,3,15.0
885979585,3,15.0
885979595,3,15.0
885979605,3,12.0
885979615,3,12.0
885979625,3,12.0
885979635,3,12.0
885979645,3,12.0
885979655,3,13.0
885979665,3,13.0
885979675,3,13.0
885979685,3,13.0
885979695,3,13.0
885979705,3,14.0
885979715,3,14.0
885979725,3,14.0
885979735,3,14.0
885979745,3,14.0
885979755,3,14.0
885979765,3,14.0
885979775,3,14.0
885979785,3,14.0
885979795,3,14.0
885979805,3,14.0
885979815,3,14.0
885979825,3,14.0
885979835,3,14.0
885979845,3,14.0
885979855,3,14.0
885979865,3,14.0
885979875,3,14.0
885979885,3,14.0
885979895,3,14.0
885979905,3,14.0
885979915,3,14.0
885979925,3,14.0
885979935,3,14.0
885979945,3,14.0
885979955,3,14.0
885979965,3,13.0
885979975,3,13.0
885979985,3,13.0
885979995,3,13.0
885980005,3,13.0
885980015,3,13.0
885980025,3,13.0
885980035,3,13.0
885980045,3,13.0
885980055,3,13.0
885980065,3,13.0
885980075,3,13.0
885980085,3,13.0
885980095,3,13.0
885980105,3,13.0
885980115,3,13.0
885980125,3,13.0
885980135,3,13.0
885980145,3,13.0
885980155,3,13.0
885980165,3,13.0
885980175,3,13.0
885980185,3,13.0
885980195,3,13.0
885980205,3,13.0
885980215,3,13.0
885980225,3,13.0
885980235,3,13.0
885980245,3,13.0
885980255,3,13.0
885980265,3,13.0
885980275,3,13.0
885980285,3,13.0
885980295,3,13.0
885980305,3,13.0
885980315,3,13.0
885980325,3,14.0
885980335,3,14.0
885980345,3,14.0
885980355,3,14.0
885980365,3,14.0
885980375,3,14.0
885980385,3,14.0
885980395,3,14.0
885980405,3,14.0
885980415,3,14.0
885980425,3,14.0
885980435,3,13.0
885980445,3,13.0
885980455,3,13.0
885980465,3,13.0
885980475,3,13.0
885980485,3,14.0
885980495,3,14.0
885980505,3,14.0
885980515,3,14.0
885980525,3,14.0
885980535,3,13.0
885980545,3,13.0
885980555,3,13.0
885980565,3,13.0
885980575,3,13.0
885980585,3,14.0
885980595,3,14.0
885980605,3,14.0
885980615,3,14.0
885980625,3,14.0
885980635,3,13.0
885980645,3,13.0
885980655,3,13.0
885980665,3,13.0
885980675,3,13.0
885980685,3,13.0
885980695,3,13.0
885980705,3,13.0
885980715,3,13.0
885980725,3,13.0
885980735,3,13.0
885980745,3,13.0
885980755,3,13.0
885980765,3,13.0
885980775,3,13.0
885980785,3,13.0
885980795,3,13.0
885980805,3,13.0
885980815,3,13.0
885980825,3,13.0
885980835,3,13.0
885980845,3,13.0
885980855,3,13.0
885980865,3,13.0
885980875,3,13.0
885980885,3,13.0
885980895,3,13.0
885980905,3,13.0
885980915,3,13.0
885980925,3,13.0
885980935,3,13.0
885980945,3,13.0
885980955,3,13.0
885980965,3,13.0
885980975,3,13.0
885980985,3,13.0
885980995,3,13.0
885981005,3,13.0
885981015,3,13.0
885981025,3,13.0
885981035,3,13.0
885981045,3,13.0
885981055,3,13.0
885981065,3,13.0
885981075,3,13.0
885981085,3,13.0
885981095,3,13.0
885981105,3,13.0
885981115,3,13.0
885981125,3,13.0
885981135,3,13.0
885981145,3,13.0
885981155,3,13.0
885981165,3,13.0
885981175,3,13.0
885981185,3,13.0
885981195,3,13.0
885981205,3,12.0
885981215,3,12.0
885981225,3,12.0
885981235,3,12.0
885981245,3,12.0
885981255,3,13.0
885981265,3,13.0
885981275,3,13.0
885981285,3,13.0
885981295,3,13.0
885981305,3,13.0
885981315,3,13.0
885981325,3,13.0
885981335,3,13.0
885981345,3,13.0
885981355,3,13.0
885981365,3,12.0
885981375,3,12.0
885981385,3,12.0
885981395,3,12.0
885981405,3,12.0
885981415,3,12.0
885981425,3,12.0
885981435,3,12.0
885981445,3,12.0
885981455,3,12.0
885981465,3,12.0
885981475,3,12.0
885981485,3,12.0
885981495,3,12.0
885981505,3,12.0
885981515,3,12.0
885981525,3,12.0
885981535,3,12.0
885981545,3,12.0
885981555,3,12.0
885981565,3,12.0
885981575,3,12.0
885981585,3,12.0
885981595,3,12.0
885981605,3,12.0
885981615,3,12.0
885981625,3,12.0
885981635,3,12.0
885981645,3,12.0
885981655,3,12.0
885981665,3,12.0
885981675,3,12.0
885981685,3,12.0
885981695,3,12.0
885981705,3,12.0
885981715,3,12.0
885981725,3,12.0
885981735,3,12.0
885981745,3,12.0
885981755,3,12.0
885981765,3,12.0
885981775,3,12.0
885981785,3,12.0
885981795,3,12.0
885981805,3,12.0
885981815,3,12.0
885981825,3,12.0
885981835,3,12.0
885981845,3,12.0
885981855,3,12.0
885981865,3,12.0
885981875,3,12.0
885981885,3,12.0
885981895,3,12.0
885981905,3,12.0
885981915,3,12.0
885981925,3,13.0
885981935,3,13.0
885981945,3,13.0
885981955,3,13.0
885981965,3,13.0
885981975,3,13.0
885981985,3,13.0
885981995,3,13.0
885982005,3,13.0
885982015,3,13.0
885982025,3,13.0
885982035,3,13.0
885982045,3,13.0
885982055,3,13.0
885982065,3,13.0
885982075,3,13.0
885982085,3,13.0
885982095,3,13.0
885982105,3,13.0
885982115,3,13.0
885982125,3,13.0
885982135,3,13.0
885982145,3,13.0
885982155,3,13.0
885982165,3,13.0
885982175,3,13.0
885982185,3,13.0
885982195,3,13.0
885982205,3,13.0
885982215,3,13.0
885982225,3,13.0
885982235,3,13.0
885982245,3,13.0
885982255,3,13.0
885982265,3,13.0
885982275,3,13.0
885982285,3,13.0
885982295,3,13.0
885982305,3,13.0
885982315,3,13.0
885982325,3,13.0
885982335,3,13.0
885982345,3,13.0
885982355,3,13.0
885982365,3,13.0
885982375,3,13.0
885982385,3,13.0
885982395,3,13.0
885982405,3,13.0
885982415,3,13.0
885982425,3,13.0
885982435,3,13.0
885982445,3,13.0
885982455,3,13.0
885982465,3,13.0
885982475,3,13.0
885982485,3,13.0
885982495,3,13.0
885982505,3,13.0
885982515,3,13.0
885982525,3,13.0
885982535,3,13.0
885982545,3,13.0
885982555,3,13.0
885982565,3,13.0
885982575,3,13.0
885982585,3,13.0
885982595,3,13.0
885982605,3,13.0
885982615,3,13.0
885982625,3,13.0
885982635,3,13.0
885982645,3,13.0
885982655,3,13.0
885982665,3,13.0
885982675,3,13.0
885982685,3,13.0
885982695,3,13.0
885982705,3,13.0
885982715,3,13.0
885982725,3,13.0
885982735,3,13.0
885982745,3,13.0
885982755,3,13.0
885982765,3,13.0
885982775,3,13.0
885982785,3,13.0
885982795,3,13.0
885982805,3,13.0
885982815,3,13.0
885982825,3,13.0
885982835,3,13.0
885982845,3,13.0
885982855,3,13.0
885982865,3,13.0
885982875,3,13.0
885982885,3,13.0
885982895,3,13.0
885982905,3,13.0
885982915,3,13.0
885982925,3,13.0
885982935,3,13.0
885982945,3,13.0
885982955,3,13.0
885982965,3,13.0
885982975,3,13.0
885982985,3,13.0
885982995,3,13.0
885983005,3,13.0
885983015,3,12.0
885983025,3,12.0
885983035,3,12.0
885983045,3,12.0
885983055,3,12.0
885983065,3,12.0
885983075,3,12.0
885983085,3,12.0
885983095,3,12.0
885983105,3,12.0
885983115,3,12.0
885983125,3,12.0
885983135,3,12.0
885983145,3,12.0
885983155,3,12.0
885983165,3,12.0
885983175,3,12.0
885983185,3,12.0
885983195,3,12.0
885983205,3,12.0
885983215,3,11.0
885983225,3,11.0
885983235,3,11.0
885983245,3,11.0
885983255,3,11.0
885983265,3,11.0
885983275,3,10.0
885983285,3,10.0
885983295,3,10.0
885983305,3,10.0
885983315,3,10.0
885983325,3,9.0
885983335,3,9.0
885983345,3,9.0
885983355,3,9.0
885983365,3,9.0
885983375,3,8.0
885983385,3,8.0
885983395,3,8.0
885983405,3,8.0
885983415,3,8.0
885983425,3,7.0
885983435,3,7.0
885983445,3,7.0
885983455,3,7.0
885983465,3,7.0
885983475,3,7.0
885983485,3,7.0
885983495,3,7.0
885983505,3,7.0
885983515,3,7.0
885983525,3,7.0
885983535,3,7.0
885983545,3,7.0
885983555,3,7.0
885983565,3,7.0
885983575,3,6.0
885983585,3,6.0
885983595,3,6.0
885983605,3,6.0
885983615,3,6.0
885983625,3,6.0
885983635,3,6.0
885983645,3,6.0
885983655,3,6.0
885983665,3,6.0
885983675,3,6.0
885983685,3,6.0
885983695,3,6.0
885983705,3,6.0
885983715,3,6.0
885983725,3,6.0
885983735,3,6.0
885983745,3,6.0
885983755,3,6.0
885983765,3,6.0
885983775,3,6.0
885983785,3,6.0
885983795,3,6.0
885983805,3,6.0
885983815,3,6.0
885983825,3,6.0
885983835,3,6.0
885983845,3,6.0
885983855,3,6.0
885983865,3,6.0
885983875,3,6.0
885983885,3,8.0
885983895,3,8.0
885983905,3,8.0
885983915,3,8.0
885983925,3,8.0
885983935,3,8.0
885983945,3,11.0
885983955,3,11.0
885983965,3,11.0
885983975,3,11.0
885983985,3,11.0
885983995,3,11.0
885984005,3,11.0
885984015,3,11.0
885984025,3,11.0
885984035,3,11.0
885984045,3,9.0
885984055,3,9.0
885984065,3,9.0
885984075,3,9.0
885984085,3,9.0
885984095,3,7.0
885984105,3,7.0
885984115,3,7.0
885984125,3,7.0
885984135,3,7.0
885984145,3,1.0
885984155,3,1.0
885984165,3,1.0
885984175,3,1.0
885984185,3,1.0
885984195,3,5.0
885984205,3,5.0
885984215,3,5.0
885984225,3,5.0
885984235,3,5.0
885984245,3,5.0
885984255,3,8.0
885984265,3,8.0
885984275,3,8.0
885984285,3,8.0
885984295,3,8.0
885984305,3,8.0
885984315,3,8.0
885984325,3,8.0
885984335,3,8.0
885984345,3,8.0
885984355,3,7.0
885984365,3,7.0
885984375,3,7.0
885984385,3,7.0
885984395,3,7.0
885984405,3,7.0
885984415,3,7.0
885984425,3,7.0
885984435,3,7.0
885984445,3,7.0
885984455,3,6.0
885984465,3,6.0
885984475,3,6.0
885984485,3,6.0
885984495,3,6.0
885984505,3,4.0
885984515,3,4.0
885984525,3,4.0
885984535,3,4.0
885984545,3,4.0
885984555,3,3.0
885984565,3,3.0
885984575,3,3.0
885984585,3,3.0
885984595,3,3.0
885984605,3,3.0
885984615,3,3.0
885984625,3,3.0
885984635,3,3.0
885984645,3,3.0
885984655,3,3.0
885984665,3,4.0
885984675,3,4.0
885984685,3,4.0
885984695,3,4.0
885984705,3,4.0
