qmc6308,qst,2026-05-28_22-10-22.697_Active 10 Pro
imuTimestamp,accuracy(more=better),mfield_x[uT],mfield_y[uT],mfield_z[uT]
885954317,3,8.6625,48.16875,-13.875001
885954337,3,9.5625,48.15,-13.762501
885954357,3,9.993751,48.24375,-14.137501
885954377,3,11.56875,48.656254,-14.231251
885954397,3,11.981251,48.675003,-13.687501
885954418,3,11.19375,48.375004,-12.900001
885954439,3,11.53125,48.487503,-13.275001
885954459,3,10.9125,48.393753,-13.181251
885954479,3,11.4375,48.581253,-12.76875
885954499,3,10.725,48.581253,-13.181251
885954519,3,10.8,48.393753,-12.993751
885954539,3,10.425,48.581253,-12.20625
885954559,3,9.918751,48.2625,-11.962501
885954579,3,9.731251,48.24375,-12.093751
885954599,3,9.731251,48.16875,-11.681251
885954619,3,9.4125,48.15,-11.587501
885954639,3,9.39375,48.15,-11.587501
885954659,3,9.3,48.15,-11.56875
885954679,3,9.28125,48.131252,-11.587501
885954699,3,9.262501,48.15,-11.606251
885954719,3,9.262501,48.15,-11.6625
885954739,3,9.243751,48.15,-11.75625
885954759,3,9.243751,48.187504,-11.83125
885954779,3,9.225,48.187504,-11.90625
885954799,3,9.225,48.16875,-11.962501
885954819,3,9.243751,48.16875,-12.01875
885954839,3,9.225,48.187504,-12.093751
885954859,3,9.225,48.16875,-12.13125
885954879,3,9.243751,48.187504,-12.13125
885954899,3,9.243751,48.187504,-12.13125
885954919,3,9.3,48.187504,-12.150001
885954939,3,9.356251,48.206253,-12.150001
885954959,3,9.4875,48.206253,-12.150001
885954979,3,9.5625,48.225002,-12.168751
885954999,3,9.6,48.206253,-12.150001
885955019,3,9.65625,48.206253,-12.1125
885955039,3,9.675,48.187504,-12.056251
885955059,3,9.637501,48.15,-12.0375
885955079,3,9.618751,48.15,-12.0375
885955099,3,9.6,48.16875,-12.0375
885955119,3,9.58125,48.16875,-12.0375
885955139,3,9.618751,48.15,-12.01875
885955159,3,9.618751,48.15,-12.056251
885955179,3,9.58125,48.15,-12.13125
885955199,3,9.543751,48.16875,-12.187501
885955219,3,9.46875,48.15,-12.225
885955239,3,9.4125,48.131252,-12.3
885955259,3,9.31875,48.131252,-12.356251
885955278,3,9.225,48.131252,-12.39375
885955298,3,9.075001,48.131252,-12.431251
885955319,3,9.0,48.131252,-12.4875
885955339,3,8.962501,48.15,-12.525001
885955359,3,8.981251,48.15,-12.525001
885955379,3,9.0375,48.15,-12.525001
885955399,3,9.09375,48.15,-12.543751
885955419,3,9.1875,48.131252,-12.58125
885955439,3,9.337501,48.131252,-12.6
885955459,3,9.5625,48.131252,-12.618751
885955479,3,9.900001,48.093754,-12.6
885955499,3,10.293751,48.037502,-12.6
885955519,3,10.78125,48.0,-12.618751
885955539,3,11.34375,47.925003,-12.656251
885955559,3,12.0,47.850002,-12.69375
885955579,3,12.712501,47.71875,-12.712501
885955599,3,13.63125,47.5875,-12.76875
885955619,3,14.55,47.4375,-12.806251
885955639,3,15.50625,47.287502,-12.843751
885955659,3,16.518751,47.1375,-12.900001
885955679,3,17.475,46.96875,-12.975
885955699,3,18.243752,46.8375,-13.012501
885955719,3,18.806252,46.7625,-13.05
885955739,3,19.125,46.725002,-13.106251
885955759,3,19.10625,46.7625,-13.14375
885955779,3,18.581251,46.875,-13.218751
885955799,3,17.4375,47.025,-13.25625
885955819,3,15.543751,47.100002,-13.33125
885955839,3,12.900001,46.893753,-13.33125
885955859,3,9.543751,46.256252,-13.312501
885955879,3,5.64375,44.943752,-13.25625
885955899,3,1.5562501,42.9,-13.200001
885955919,3,-2.30625,40.275,-13.14375
885955939,3,-5.7937503,37.36875,-13.05
885955959,3,-8.8125,34.443752,-12.731251
885955979,3,-11.306251,31.66875,-12.0
885955999,3,-13.125001,28.95,-10.6125
885956019,3,-14.250001,26.00625,-8.3625
885956039,3,-14.606251,22.3875,-5.5125003
885956059,3,-14.1,17.90625,-2.5687501
885956079,3,-12.806251,12.675,0.1875
885956099,3,-10.762501,6.9,2.5687501
885956119,3,-7.89375,0.88125,4.5750003
885956139,3,-4.2562504,-5.11875,6.24375
885956159,3,0.01875,-10.81875,7.6687503
885956179,3,4.78125,-15.975,8.925
885956199,3,9.637501,-20.475,10.03125
885956219,3,14.231251,-24.468752,11.1
885956239,3,18.393751,-28.218752,12.0375
885956259,3,22.03125,-31.987501,12.750001
885956279,3,25.237501,-35.943752,13.05
885956299,3,27.937502,-39.975002,12.69375
885956319,3,30.056252,-43.85625,11.418751
885956339,3,31.612501,-47.100002,9.5625
885956359,3,32.5875,-49.55625,7.5937505
885956379,3,33.206253,-51.300003,5.8500004
885956399,3,33.581253,-52.55625,4.4625
885956419,3,33.84375,-53.456253,3.43125
885956439,3,33.975002,-54.112503,2.7
885956459,3,34.143753,-54.562504,2.23125
885956479,3,34.29375,-54.881252,1.8937501
885956499,3,34.40625,-55.10625,1.7062501
885956519,3,34.5,-55.275,1.5375
885956539,3,34.575,-55.3875,1.4625001
885956559,3,34.65,-55.48125,1.4625001
885956579,3,34.612503,-55.537502,1.5562501
885956599,3,34.65,-55.593754,1.66875
885956619,3,34.706253,-55.593754,1.85625
885956638,3,34.800003,-55.55625,2.1000001
885956658,3,34.96875,-55.48125,2.4750001
885956678,3,35.193752,-55.36875,2.9625
885956699,3,35.53125,-55.2,3.6000001
885956719,3,35.943752,-54.975002,4.3875003
885956739,3,36.43125,-54.6375,5.30625
885956759,3,37.0125,-54.206253,6.4125004
885956779,3,37.66875,-53.60625,7.74375
885956799,3,38.41875,-52.875004,9.337501
885956819,3,39.206253,-51.91875,11.306251
885956839,3,39.99375,-50.7,13.687501
885956859,3,40.66875,-49.162502,16.462502
885956879,3,41.193752,-47.268753,19.575
885956899,3,41.268753,-44.98125,23.118752
885956919,3,40.818752,-42.3375,26.906252
885956939,3,39.61875,-39.375,30.7875
885956959,3,37.575,-36.15,34.5
885956979,3,34.706253,-32.775,37.6875
885956999,3,31.050001,-29.41875,40.237503
885957019,3,26.906252,-26.19375,42.0
885957039,3,22.5,-23.19375,42.91875
885957059,3,17.94375,-20.5125,42.99375
885957079,3,13.312501,-18.16875,42.318752
885957099,3,8.71875,-16.2,40.987503
885957119,3,4.18125,-14.587501,39.0
885957139,3,-0.26250002,-13.425,36.318752
885957159,3,-4.5,-12.69375,33.075
885957179,3,-8.512501,-12.4125,29.23125
885957199,3,-12.093751,-12.6,24.843752
885957219,3,-15.187501,-13.293751,20.1
885957239,3,-17.550001,-14.400001,15.1125
885957259,3,-19.06875,-15.8625,10.181251
885957279,3,-19.612501,-17.493752,5.5687504
885957299,3,-19.556252,-19.2,1.5
885957319,3,-19.21875,-20.8125,-1.85625
885957339,3,-18.712502,-22.21875,-4.36875
885957359,3,-18.243752,-23.475,-6.0
885957379,3,-17.925001,-24.768751,-6.61875
885957399,3,-17.6625,-26.437502,-6.3750005
885957419,3,-16.875,-28.687502,-5.34375
885957439,3,-14.981251,-31.312502,-3.8812501
885957459,3,-11.681251,-33.6375,-2.49375
885957479,3,-7.2375,-35.100002,-1.35
885957499,3,-2.15625,-35.4375,-0.45000002
885957519,3,3.24375,-34.631252,0.20625001
885957539,3,8.606251,-32.737503,0.675
885957559,3,13.593751,-29.8875,1.03125
885957579,3,18.0,-26.343752,1.35
885957599,3,21.993752,-22.237501,1.5375
885957619,3,25.63125,-17.737501,1.66875
885957639,3,28.7625,-12.993751,1.6125001
885957659,3,31.500002,-8.0625,1.2750001
885957679,3,33.91875,-2.8125,0.46875003
885957699,3,35.90625,3.075,-0.84375006
885957719,3,36.956253,9.712501,-2.5687501
885957739,3,36.506252,16.837502,-4.4437504
885957759,3,34.350002,23.737501,-6.0750003
885957779,3,30.843752,29.812502,-7.2562504
885957799,3,26.493752,34.78125,-8.025001
885957819,3,21.862501,38.60625,-8.4375
885957839,3,17.1,41.325,-8.55
885957859,3,12.431251,43.0875,-8.493751
885957879,3,8.212501,44.11875,-8.26875
885957899,3,4.4437504,44.568752,-7.9687505
885957919,3,1.1625,44.60625,-7.5937505
885957939,3,-1.63125,44.325,-7.1625004
885957959,3,-3.91875,43.893753,-6.7500005
885957979,3,-5.775,43.3875,-6.3187504
885957999,3,-7.2562504,42.825,-5.86875
885958018,3,-8.400001,42.28125,-5.4187503
885958038,3,-9.262501,41.79375,-4.96875
885958058,3,-9.918751,41.34375,-4.55625
885958079,3,-10.387501,40.987503,-4.18125
885958099,3,-10.725,40.706253,-3.8812501
885958119,3,-11.0625,40.48125,-3.61875
885958139,3,-11.25,40.350002,-3.4125001
885958159,3,-11.25,40.3125,-3.24375
885958179,3,-11.2875,40.256252,-3.1125002
885958199,3,-11.325001,40.237503,-3.0187502
885958219,3,-11.34375,40.237503,-3.0
885958239,3,-11.325001,40.237503,-2.9625
885958259,3,-11.34375,40.237503,-2.90625
885958279,3,-11.34375,40.21875,-2.8875
885958299,3,-11.306251,40.256252,-2.9437501
885958319,3,-11.325001,40.3125,-3.0187502
885958339,3,-11.26875,40.350002,-3.1125002
885958359,3,-11.118751,40.425003,-3.3000002
885958379,3,-10.950001,40.575,-3.54375
885958399,3,-10.78125,40.74375,-3.825
885958419,3,-10.575001,40.93125,-4.125
885958439,3,-10.275001,41.1375,-4.4625
885958459,3,-9.900001,41.4,-4.8375
885958479,3,-9.431251,41.71875,-5.2312503
885958499,3,-8.94375,42.05625,-5.64375
885958519,3,-8.26875,42.45,-6.0750003
885958539,3,-7.4062505,42.862503,-6.5437503
885958559,3,-6.4125004,43.331253,-7.0312505
885958579,3,-5.25,43.78125,-7.5375004
885958599,3,-3.99375,44.2125,-8.025001
885958619,3,-2.5687501,44.625,-8.512501
885958639,3,-1.0125,45.018753,-8.981251
885958659,3,0.5625,45.3375,-9.375
885958679,3,2.1937501,45.600002,-9.76875
885958699,3,3.9750001,45.84375,-10.125
885958719,3,5.775,46.050003,-10.44375
885958739,3,7.6125,46.2,-10.725
885958759,3,9.46875,46.275,-10.931251
885958779,3,11.2875,46.29375,-11.212501
885958799,3,13.1625,46.275,-11.45625
885958819,3,14.906251,46.18125,-11.6625
885958839,3,16.5375,46.050003,-11.8125
885958859,3,18.075,45.862503,-11.962501
885958879,3,19.462502,45.65625,-12.056251
885958899,3,20.775002,45.43125,-12.150001
885958919,3,21.956251,45.206253,-12.225
885958939,3,23.00625,44.9625,-12.3
885958959,3,23.94375,44.737503,-12.356251
885958979,3,24.7875,44.53125,-12.39375
885958999,3,25.518751,44.325,-12.431251
885959019,3,26.156252,44.1375,-12.450001
885959039,3,26.681252,43.95,-12.450001
885959059,3,27.13125,43.78125,-12.4875
885959079,3,27.487501,43.65,-12.450001
885959099,3,27.768751,43.518753,-12.431251
885959119,3,27.975,43.40625,-12.4125
885959139,3,28.050001,43.3125,-12.39375
885959159,3,28.143751,43.237503,-12.337501
885959179,3,28.218752,43.21875,-12.337501
885959199,3,28.2,43.21875,-12.337501
885959219,3,28.06875,43.275,-12.31875
885959239,3,27.806252,43.3875,-12.31875
885959259,3,27.45,43.55625,-12.31875
885959279,3,26.962502,43.74375,-12.3
885959299,3,26.306252,43.987503,-12.281251
885959319,3,25.500002,44.25,-12.281251
885959339,3,24.50625,44.568752,-12.3
885959359,3,23.306252,44.8875,-12.31875
885959379,3,21.9375,45.24375,-12.31875
885959399,3,20.400002,45.581253,-12.31875
885959418,3,18.69375,45.9,-12.3
885959438,3,16.931252,46.2,-12.262501
885959459,3,14.962501,46.443752,-12.225
885959479,3,12.843751,46.631252,-12.150001
885959499,3,10.650001,46.74375,-12.075001
885959519,3,8.4375,46.78125,-12.0
885959539,3,6.2250004,46.725002,-11.868751
885959559,3,4.0125003,46.59375,-11.71875
885959579,3,1.85625,46.350002,-11.53125
885959599,3,-0.16875,46.03125,-11.34375
885959619,3,-2.11875,45.6375,-11.15625
885959639,3,-3.9,45.15,-10.931251
885959659,3,-5.49375,44.643753,-10.725
885959679,3,-6.9187503,44.100002,-10.5375
885959699,3,-8.15625,43.575,-10.3125
885959719,3,-9.1875,43.0875,-10.087501
885959739,3,-10.06875,42.600002,-9.918751
885959759,3,-10.725,42.1875,-9.806251
885959779,3,-11.19375,41.90625,-9.6
885959799,3,-11.26875,41.756252,-9.450001
885959819,3,-10.96875,41.756252,-9.337501
885959839,3,-10.200001,41.90625,-9.31875
885959859,3,-8.90625,42.131252,-9.31875
885959879,3,-6.99375,42.375,-9.3
885959899,3,-4.36875,42.487503,-9.31875
885959919,3,-1.0875001,42.300003,-9.356251
885959939,3,2.86875,41.5875,-9.4125
885959959,3,7.2937503,40.237503,-9.4125
885959979,3,12.0,38.15625,-9.39375
885959999,3,16.743752,35.30625,-9.337501
885960019,3,21.393751,31.725,-9.28125
885960039,3,25.743752,27.431252,-9.1875
885960059,3,29.6625,22.556252,-9.056251
885960079,3,33.09375,17.19375,-8.925
885960099,3,35.8125,11.4375,-8.83125
885960119,3,37.85625,5.4187503,-8.75625
885960139,3,39.112503,-0.80625004,-8.71875
885960159,3,39.6375,-7.1062503,-8.75625
885960179,3,39.3375,-13.368751,-8.868751
885960199,3,38.2125,-19.48125,-8.962501
885960219,3,36.2625,-25.29375,-9.09375
885960239,3,33.525,-30.6,-9.262501
885960259,3,30.187502,-35.268753,-9.4875
885960279,3,26.437502,-39.28125,-9.76875
885960299,3,22.518751,-42.54375,-10.087501
885960319,3,18.6,-45.131252,-10.40625
885960339,3,14.906251,-47.025,-10.762501
885960359,3,11.56875,-48.35625,-11.118751
885960379,3,8.64375,-49.29375,-11.53125
885960399,3,6.15,-49.912502,-11.868751
885960419,3,3.99375,-50.362503,-12.1125
885960439,3,2.2875001,-50.7,-12.31875
885960459,3,0.91875005,-50.98125,-12.50625
885960479,3,-0.22500001,-51.225002,-12.618751
885960499,3,-1.21875,-51.412502,-12.69375
885960519,3,-2.04375,-51.54375,-12.731251
885960539,3,-2.71875,-51.600002,-12.76875
885960559,3,-3.3000002,-51.600002,-12.76875
885960579,3,-3.7687502,-51.506252,-12.731251
885960599,3,-4.1625004,-51.318752,-12.675
885960619,3,-4.4625,-51.075,-12.618751
885960639,3,-4.78125,-50.718754,-12.543751
885960659,3,-5.11875,-50.287502,-12.450001
885960679,3,-5.45625,-49.781254,-12.281251
885960699,3,-5.86875,-49.18125,-12.093751
885960719,3,-6.24375,-48.45,-11.887501
885960739,3,-6.76875,-47.625,-11.587501
885960759,3,-7.425,-46.631252,-11.137501
885960778,3,-8.15625,-45.506252,-10.575001
885960798,3,-9.0,-44.25,-9.8625
885960818,3,-9.918751,-42.84375,-8.94375
885960839,3,-10.931251,-41.25,-7.7812505
885960859,3,-12.0,-39.525,-6.3750005
885960879,3,-13.125001,-37.66875,-4.65
885960899,3,-14.2875,-35.662502,-2.4750001
885960919,3,-15.431251,-33.54375,0.056250002
885960939,3,-16.462502,-31.368752,2.9625
885960959,3,-17.38125,-29.1375,6.2250004
885960979,3,-18.09375,-26.868752,9.7875
885960999,3,-18.581251,-24.6,13.668751
885961019,3,-18.7875,-22.331251,17.7
885961039,3,-18.73125,-20.0625,21.73125
885961059,3,-18.487501,-17.868752,25.593752
885961079,3,-18.018751,-15.69375,29.081251
885961099,3,-17.362501,-13.5375,32.04375
885961119,3,-16.650002,-11.45625,34.21875
885961139,3,-15.88125,-9.525001,35.53125
885961159,3,-15.01875,-7.8,35.8125
885961179,3,-14.156251,-6.4125004,34.987503
885961199,3,-13.44375,-5.55,33.075
885961219,3,-13.087501,-5.175,30.468752
885961239,3,-13.35,-5.11875,27.4125
885961259,3,-14.400001,-5.025,24.018751
885961279,3,-16.1625,-4.425,20.362501
885961299,3,-18.243752,-3.1875002,16.3125
885961319,3,-20.4375,-1.3875,12.056251
885961339,3,-22.612501,0.84375006,7.6687503
885961359,3,-24.562502,3.4687502,3.3187501
885961379,3,-26.268751,6.3562503,-0.80625004
885961399,3,-27.525002,9.4125,-4.5750003
885961419,3,-28.462502,12.562501,-7.74375
885961439,3,-29.118752,15.7875,-10.293751
885961459,3,-29.56875,19.10625,-12.0375
885961479,3,-29.812502,22.66875,-13.05
885961499,3,-29.812502,26.587502,-13.406251
885961519,3,-29.38125,30.825,-13.406251
885961539,3,-28.331251,35.268753,-13.368751
885961559,3,-26.5125,39.54375,-13.406251
885961579,3,-24.150002,43.21875,-13.51875
885961599,3,-21.65625,46.143753,-13.6125
885961619,3,-19.237501,48.393753,-13.650001
885961639,3,-17.025002,50.062504,-13.687501
885961659,3,-15.1125,51.2625,-13.687501
885961679,3,-13.593751,52.050003,-13.668751
885961699,3,-12.618751,52.537502,-13.593751
885961719,3,-11.83125,52.85625,-13.5375
885961739,3,-11.306251,53.062504,-13.500001
885961759,3,-10.9125,53.175003,-13.481251
885961779,3,-10.59375,53.23125,-13.481251
885961799,3,-10.35,53.287502,-13.500001
885961819,3,-10.06875,53.343754,-13.481251
885961839,3,-9.806251,53.381252,-13.481251
885961859,3,-9.525001,53.456253,-13.481251
885961879,3,-9.1875,53.475002,-13.481251
885961899,3,-8.793751,53.5125,-13.481251
885961919,3,-8.34375,53.550003,-13.462501
885961939,3,-7.8375,53.60625,-13.462501
885961959,3,-7.275,53.643753,-13.462501
885961979,3,-6.6375003,53.662502,-13.481251
885961999,3,-5.925,53.68125,-13.575001
885962019,3,-5.2312503,53.662502,-13.650001
885962039,3,-4.51875,53.625004,-13.725
885962059,3,-3.825,53.60625,-13.8
885962079,3,-3.1125002,53.5875,-13.856251
885962099,3,-2.4,53.550003,-13.89375
885962119,3,-1.725,53.456253,-13.9875
885962139,3,-1.0875001,53.381252,-14.08125
885962158,3,-0.46875003,53.268753,-14.175
885962178,3,0.15,53.1375,-14.26875
885962198,3,0.69375,53.006252,-14.3625
885962219,3,1.2375001,52.800003,-14.437501
885962239,3,1.725,52.612503,-14.531251
885962259,3,2.23125,52.406254,-14.625001
885962279,3,2.7562501,52.2,-14.681251
885962299,3,3.3187501,51.975002,-14.718751
885962319,3,3.8625002,51.750004,-14.775001
885962339,3,4.3500004,51.506252,-14.775001
885962359,3,4.93125,51.281254,-14.7375
885962379,3,5.55,51.037502,-14.718751
885962399,3,6.1312504,50.812504,-14.75625
885962419,3,6.6562505,50.625004,-14.775001
885962439,3,7.14375,50.41875,-14.75625
885962459,3,7.6125,50.23125,-14.75625
885962479,3,8.00625,50.100002,-14.7375
885962499,3,8.38125,49.93125,-14.700001
885962519,3,8.7375,49.818752,-14.700001
885962539,3,9.056251,49.725002,-14.681251
885962559,3,9.3,49.65,-14.64375
885962579,3,9.4875,49.575,-14.64375
885962599,3,9.6,49.537502,-14.6625
885962619,3,9.69375,49.500004,-14.681251
885962639,3,9.806251,49.500004,-14.700001
885962659,3,9.825001,49.500004,-14.75625
885962679,3,9.75,49.500004,-14.775001
885962699,3,9.637501,49.500004,-14.75625
885962719,3,9.543751,49.500004,-14.775001
885962739,3,9.450001,49.518753,-14.775001
885962759,3,9.356251,49.537502,-14.75625
885962779,3,9.28125,49.537502,-14.775001
885962799,3,9.262501,49.55625,-14.793751
885962819,3,9.262501,49.575,-14.85
885962839,3,9.28125,49.575,-14.868751
885962859,3,9.262501,49.593754,-14.868751
885962879,3,9.243751,49.612503,-14.85
885962899,3,9.150001,49.65,-14.812501
885962919,3,9.0,49.687504,-14.868751
885962939,3,8.8125,49.706253,-14.962501
885962959,3,8.606251,49.687504,-15.13125
885962979,3,8.306251,49.65,-15.431251
885962999,3,8.00625,49.575,-15.806251
885963019,3,7.6687503,49.425003,-16.3125
885963039,3,7.3125005,49.162502,-16.987501
885963059,3,7.0312505,48.825,-17.79375
885963079,3,6.8250003,48.393753,-18.768751
885963099,3,6.58125,47.850002,-19.893751
885963119,3,6.3,47.15625,-21.150002
885963139,3,5.9625,46.29375,-22.59375
885963159,3,5.625,45.24375,-24.206251
885963179,3,5.26875,44.04375,-25.95
885963199,3,4.9125004,42.61875,-27.825
885963219,3,4.5750003,40.96875,-29.718752
885963239,3,4.2375,39.05625,-31.725
885963259,3,3.9375002,36.91875,-33.73125
885963279,3,3.7500002,34.537502,-35.71875
885963299,3,3.6000001,31.931252,-37.65
885963319,3,3.5625002,29.175001,-39.487503
885963339,3,3.6000001,26.250002,-41.15625
885963359,3,3.61875,23.15625,-42.675003
885963379,3,3.54375,19.9125,-44.006252
885963399,3,3.525,16.518751,-45.131252
885963419,3,3.525,13.031251,-46.050003
885963439,3,3.525,9.450001,-46.706253
885963459,3,3.54375,5.8125,-47.081253
885963479,3,3.5625002,2.0625,-47.2125
885963499,3,3.5625002,-1.725,-47.0625
885963519,3,3.5812502,-5.5125003,-46.631252
885963538,3,3.61875,-9.243751,-45.881252
885963558,3,3.61875,-12.937501,-44.79375
885963578,3,3.5812502,-16.5375,-43.40625
885963599,3,3.4687502,-20.00625,-41.775
885963619,3,3.2062502,-23.362501,-39.9
885963639,3,2.9250002,-26.550001,-37.8375
885963659,3,2.625,-29.550001,-35.625
885963679,3,2.325,-32.34375,-33.3375
885963699,3,1.9875001,-34.893753,-30.956251
885963719,3,1.6875001,-37.21875,-28.518751
885963739,3,1.44375,-39.3375,-26.062502
885963759,3,1.2750001,-41.193752,-23.587502
885963779,3,1.2,-42.80625,-21.056252
885963799,3,1.2,-44.2125,-18.581251
885963819,3,1.25625,-45.393753,-16.2
885963839,3,1.3875,-46.331253,-13.875001
885963859,3,1.5187501,-47.081253,-11.700001
885963879,3,1.7062501,-47.625,-9.618751
885963899,3,1.95,-48.037502,-7.65
885963919,3,2.2875001,-48.3375,-5.8500004
885963939,3,2.5875,-48.54375,-4.18125
885963959,3,2.86875,-48.675003,-2.60625
885963979,3,3.15,-48.768753,-1.06875
885963999,3,3.5062501,-48.80625,0.35625002
885964019,3,3.7687502,-48.80625,1.6875001
885964039,3,3.99375,-48.787502,2.90625
885964059,3,4.18125,-48.768753,3.99375
885964079,3,4.2937503,-48.750004,4.93125
885964099,3,4.36875,-48.693752,5.7562504
885964119,3,4.425,-48.6375,6.5062504
885964139,3,4.40625,-48.562504,7.0875
885964159,3,4.425,-48.525,7.51875
885964179,3,4.4437504,-48.506252,7.7812505
885964199,3,4.4625,-48.487503,7.8562503
885964219,3,4.5,-48.506252,7.6875005
885964239,3,4.5375004,-48.54375,7.2937503
885964259,3,4.55625,-48.562504,6.6562505
885964279,3,4.6312504,-48.581253,5.7000003
885964299,3,4.65,-48.562504,4.40625
885964319,3,4.70625,-48.468754,2.86875
885964339,3,4.78125,-48.318752,1.0500001
885964359,3,4.8375,-48.018753,-1.03125
885964379,3,4.9125004,-47.60625,-3.2812502
885964399,3,5.0062504,-47.0625,-5.775
885964419,3,5.1000004,-46.350002,-8.4375
885964439,3,5.2125,-45.525,-11.231251
885964459,3,5.34375,-44.5125,-14.118751
885964479,3,5.49375,-43.350002,-17.0625
885964499,3,5.625,-42.0,-20.04375
885964519,3,5.71875,-40.4625,-22.95
885964539,3,5.7937503,-38.71875,-25.81875
885964559,3,5.83125,-36.80625,-28.575
885964579,3,5.71875,-34.6875,-31.181252
885964599,3,5.49375,-32.4,-33.581253
885964619,3,5.2312503,-29.962502,-35.79375
885964639,3,4.9125004,-27.375002,-37.818752
885964659,3,4.6312504,-24.656252,-39.600002
885964679,3,4.36875,-21.825,-41.2125
885964699,3,4.18125,-18.84375,-42.6375
885964719,3,4.03125,-15.675,-43.818752
885964739,3,3.9,-12.3,-44.775
885964759,3,3.73125,-8.75625,-45.487503
885964779,3,3.54375,-5.025,-45.9
885964799,3,3.35625,-1.1625,-45.99375
885964819,3,3.16875,2.775,-45.768753
885964839,3,3.0,6.7875004,-45.225002
885964859,3,2.8312502,10.78125,-44.4
885964879,3,2.68125,14.718751,-43.275
885964899,3,2.5125,18.5625,-41.850002
885964918,3,2.3812501,22.25625,-40.21875
885964938,3,2.2687502,25.800001,-38.4375
885964958,3,2.1000001,29.175001,-36.5625
885964979,3,1.8937501,32.30625,-34.575
885964999,3,1.6500001,35.193752,-32.550003
885965019,3,1.3875,37.74375,-30.525002
885965039,3,1.10625,39.956253,-28.575
885965059,3,0.90000004,41.86875,-26.75625
885965079,3,0.71250004,43.443752,-25.125002
885965099,3,0.54375005,44.7,-23.681252
885965119,3,0.39375,45.675003,-22.518751
885965139,3,0.26250002,46.36875,-21.6375
885965159,3,0.1875,46.8375,-21.0375
885965179,3,0.15,47.1375,-20.6625
885965199,3,0.24375,47.268753,-20.493752
885965219,3,0.3375,47.30625,-20.456251
885965239,3,0.45000002,47.30625,-20.475
885965259,3,0.6,47.287502,-20.550001
885965279,3,0.71250004,47.268753,-20.60625
885965299,3,0.82500005,47.25,-20.56875
885965319,3,0.84375006,47.25,-20.5125
885965339,3,0.80625004,47.268753,-20.38125
885965359,3,0.73125005,47.287502,-20.15625
885965379,3,0.58125,47.362503,-19.78125
885965399,3,0.43125,47.475002,-19.25625
885965419,3,0.24375,47.625,-18.54375
885965439,3,0.0375,47.8125,-17.625
885965459,3,-0.20625001,48.05625,-16.556252
885965479,3,-0.41250002,48.318752,-15.375001
885965499,3,-0.63750005,48.61875,-14.156251
885965519,3,-0.8625,48.9,-12.88125
885965539,3,-1.0875001,49.162502,-11.625
885965559,3,-1.21875,49.425003,-10.35
885965579,3,-1.29375,49.631252,-9.1125
885965599,3,-1.29375,49.818752,-7.9125004
885965619,3,-1.21875,49.987503,-6.7125
885965639,3,-1.125,50.11875,-5.4750004
885965659,3,-1.06875,50.23125,-4.3125
885965679,3,-1.0500001,50.287502,-3.2062502
885965699,3,-1.06875,50.30625,-2.1750002
885965719,3,-1.0875001,50.30625,-1.2375001
885965738,3,-1.0500001,50.287502,-0.31875002
885965758,3,-0.95625,50.23125,0.61875004
885965779,3,-0.76875,50.175003,1.6125001
885965799,3,-0.50625,50.100002,2.5687501
885965819,3,-0.16875,50.025,3.54375
885965839,3,0.26250002,49.93125,4.59375
885965859,3,0.65625,49.800003,5.68125
885965879,3,1.0500001,49.612503,6.8250003
885965899,3,1.4250001,49.3875,8.025001
885965919,3,1.725,49.10625,9.337501
885965939,3,2.0062501,48.750004,10.762501
885965959,3,2.30625,48.318752,12.243751
885965979,3,2.60625,47.8125,13.81875
885965999,3,2.9437501,47.268753,15.450001
885966019,3,3.2812502,46.65,17.15625
885966039,3,3.5625002,45.956253,18.84375
885966059,3,3.80625,45.16875,20.53125
885966079,3,3.99375,44.287502,22.25625
885966099,3,4.1062503,43.256252,24.093752
885966119,3,4.14375,42.018753,26.04375
885966139,3,4.1062503,40.575,28.06875
885966159,3,3.9750001,38.8875,30.112501
885966179,3,3.80625,36.975002,32.193752
885966199,3,3.7125,34.818752,34.237503
885966219,3,3.6750002,32.41875,36.1875
885966239,3,3.6937501,29.812502,38.006252
885966259,3,3.73125,27.056252,39.7125
885966279,3,3.80625,24.243752,41.325
885966299,3,3.8625002,21.4125,42.825
885966319,3,3.9,18.618752,44.2125
885966339,3,3.9375002,15.918751,45.525
885966359,3,3.9750001,13.312501,46.725002
885966379,3,3.99375,10.8,47.79375
885966399,3,3.9562502,8.38125,48.7125
885966419,3,3.9375002,6.15,49.4625
885966439,3,3.9375002,4.0687504,50.025
885966459,3,3.99375,2.1937501,50.456253
885966479,3,4.0875,0.58125,50.718754
885966499,3,4.0875,-0.73125005,50.8875
885966519,3,4.0875,-1.7437501,51.018753
885966539,3,4.0687504,-2.4750001,51.075
885966559,3,4.0875,-2.9625,51.131252
885966579,3,4.0687504,-3.24375,51.15
885966599,3,4.1062503,-3.35625,51.131252
885966619,3,4.2562504,-3.3000002,51.112503
885966639,3,4.4437504,-3.075,51.15
885966659,3,4.6687503,-2.625,51.131252
885966679,3,4.8562503,-1.8375001,51.05625
885966699,3,5.2312503,-0.675,50.831253
885966719,3,5.8500004,0.93750006,50.475002
885966739,3,6.2625003,2.90625,50.006252
885966759,3,6.6000004,5.30625,49.237503
885966779,3,7.2375,8.15625,48.075
885966799,3,7.74375,11.34375,46.518753
885966819,3,8.1,14.775001,44.49375
885966839,3,8.64375,18.375,42.018753
885966859,3,9.09375,22.050001,39.018753
885966879,3,9.431251,25.66875,35.5875
885966899,3,9.712501,29.19375,31.7625
885966919,3,9.918751,32.53125,27.618752
885966939,3,10.1625,35.643753,23.2875
885966959,3,10.44375,38.5125,18.88125
885966979,3,10.81875,41.04375,14.512501
885966999,3,11.0625,43.275,10.275001
885967019,3,11.1,45.16875,6.2625003
885967039,3,11.418751,46.725002,2.5125
885967059,3,11.75625,47.9625,-0.90000004
885967079,3,11.8125,48.73125,-3.8812501
885967099,3,12.01875,49.18125,-6.5062504
885967119,3,12.31875,49.331253,-8.868751
885967139,3,12.4875,49.275,-10.9125
885967159,3,12.76875,49.068752,-12.637501
885967179,3,13.200001,48.750004,-14.08125
885967199,3,13.668751,48.412502,-15.262501
885967219,3,14.137501,48.05625,-16.2
885967239,3,14.606251,47.7,-17.00625
885967259,3,15.056251,47.34375,-17.681252
885967279,3,15.525001,47.025,-18.300001
885967299,3,16.0125,46.706253,-18.825
885967319,3,16.5,46.3875,-19.29375
885967339,3,17.04375,46.068752,-19.7625
885967359,3,17.625,45.73125,-20.212502
885967379,3,18.206251,45.35625,-20.643751
885967399,3,18.862501,45.0,-20.962502
885967419,3,19.575,44.643753,-21.150002
885967439,3,20.306252,44.268753,-21.112501
885967459,3,21.0375,43.912502,-20.79375
885967479,3,21.900002,43.612503,-20.25
885967499,3,22.81875,43.3125,-19.5
885967519,3,23.79375,43.050003,-18.6
885967539,3,24.7875,42.80625,-17.587502
885967559,3,25.800001,42.54375,-16.44375
885967579,3,26.7,42.24375,-15.243751
885967599,3,27.581251,41.925003,-14.062501
885967619,3,28.331251,41.568752,-12.918751
885967639,3,28.931252,41.193752,-11.7375
885967659,3,29.400002,40.8375,-10.5
885967679,3,29.737501,40.518753,-9.168751
885967699,3,29.962502,40.21875,-7.7812505
885967719,3,30.000002,39.91875,-6.24375
885967739,3,29.79375,39.61875,-4.6125
885967759,3,29.362501,39.318752,-2.86875
885967779,3,28.612501,38.98125,-1.10625
885967799,3,27.6,38.643753,0.65625
885967819,3,26.306252,38.268753,2.4
885967839,3,24.768751,37.912502,4.1062503
885967859,3,23.04375,37.575,5.7375
885967879,3,21.206251,37.275,7.2937503
885967899,3,19.35,36.99375,8.7375
885967919,3,17.5125,36.768753,10.087501
885967939,3,15.69375,36.600002,11.2875
885967959,3,13.837501,36.45,12.375001
885967979,3,11.981251,36.2625,13.406251
885967999,3,10.06875,36.018753,14.38125
885968019,3,8.175,35.79375,15.31875
885968039,3,6.3375,35.5875,16.125
885968059,3,4.5750003,35.41875,16.78125
885968079,3,2.90625,35.287502,17.41875
885968099,3,1.25625,35.175003,18.018751
885968119,3,-0.1875,35.100002,18.581251
885968139,3,-1.40625,35.081253,19.050001
885968159,3,-2.41875,35.081253,19.44375
885968179,3,-3.2812502,35.100002,19.743752
885968199,3,-4.03125,35.15625,20.025002
885968219,3,-4.59375,35.2125,20.2875
885968239,3,-4.9875,35.268753,20.493752
885968259,3,-5.25,35.362503,20.643751
885968279,3,-5.4,35.456253,20.737501
885968299,3,-5.4375,35.60625,20.71875
885968319,3,-5.4187503,35.737503,20.587502
885968339,3,-5.3250003,35.90625,20.400002
885968359,3,-5.1375003,36.112503,20.1375
885968379,3,-4.8187504,36.3375,19.7625
885968399,3,-4.2937503,36.61875,19.331251
885968419,3,-3.80625,36.881252,18.825
885968439,3,-3.4875002,37.125,18.300001
885968459,3,-3.3187501,37.350002,17.75625
885968479,3,-3.35625,37.518753,17.118752
885968499,3,-3.5062501,37.631252,16.3125
885968519,3,-3.7500002,37.725002,15.281251
885968539,3,-3.9,37.818752,14.231251
885968559,3,-3.8812501,37.987503,13.275001
885968579,3,-3.80625,38.2125,12.6
885968599,3,-3.73125,38.5125,12.187501
885968619,3,-3.6750002,38.850002,12.01875
885968639,3,-3.6750002,39.225002,12.056251
885968659,3,-3.7125,39.581253,12.243751
885968679,3,-3.8812501,39.9375,12.562501
885968699,3,-4.14375,40.3125,12.900001
885968719,3,-4.4437504,40.706253,13.2375
885968739,3,-4.7250004,41.1375,13.575001
885968759,3,-4.93125,41.568752,13.968751
885968779,3,-4.96875,42.018753,14.475
885968799,3,-4.8375,42.525,15.168751
885968819,3,-4.8375,42.975002,16.0125
885968839,3,-5.08125,43.3125,16.931252
885968859,3,-5.53125,43.537502,17.71875
885968879,3,-6.01875,43.6875,18.150002
885968899,3,-6.4500003,43.725002,18.243752
885968919,3,-6.7875004,43.725002,18.056252
885968939,3,-6.99375,43.6875,17.587502
885968959,3,-7.14375,43.631252,16.96875
885968979,3,-7.1625004,43.55625,16.237501
885968999,3,-7.1062503,43.425003,15.543751
885969019,3,-7.05,43.3125,14.925
885969039,3,-6.8625,43.143753,14.418751
885969059,3,-6.61875,43.0125,14.025001
885969079,3,-6.3562503,42.9,13.687501
885969099,3,-6.1125,42.75,13.44375
885969119,3,-5.7375,42.65625,13.2375
885969139,3,-5.1937504,42.600002,13.106251
885969159,3,-4.4812503,42.5625,12.975
885969179,3,-3.6750002,42.54375,12.95625
885969199,3,-2.79375,42.54375,13.012501
885969219,3,-1.8375001,42.581253,13.125001
885969239,3,-0.7875,42.65625,13.293751
885969259,3,0.3375,42.73125,13.44375
885969279,3,1.5187501,42.80625,13.575001
885969299,3,2.7,42.881252,13.668751
885969319,3,3.8437502,42.9375,13.63125
885969339,3,4.8562503,42.956253,13.425
885969359,3,5.7000003,42.956253,13.012501
885969379,3,6.2625003,42.862503,12.4125
885969399,3,6.80625,42.7125,11.606251
885969419,3,7.36875,42.581253,10.743751
885969439,3,7.8375,42.54375,10.06875
885969459,3,8.00625,42.693752,9.731251
885969479,3,7.6687503,42.956253,9.65625
885969499,3,6.7312503,43.29375,9.712501
885969519,3,5.175,43.65,9.731251
885969539,3,3.15,43.987503,9.618751
885969559,3,0.75,44.287502,9.356251
885969579,3,-1.8937501,44.5125,9.01875
885969599,3,-4.74375,44.662502,8.53125
885969619,3,-7.6687503,44.737503,8.043751
885969639,3,-10.59375,44.775,7.5750003
885969659,3,-13.425,44.756252,7.2375
885969679,3,-16.06875,44.737503,7.0687504
885969699,3,-18.768751,44.737503,7.2187505
885969719,3,-21.46875,44.71875,7.6125
885969739,3,-24.0375,44.60625,7.93125
885969759,3,-26.250002,44.362503,8.15625
885969779,3,-27.750002,44.04375,8.2875
885969799,3,-28.312502,43.706253,8.306251
885969819,3,-27.937502,43.3875,8.137501
885969839,3,-27.000002,42.99375,7.7625003
885969859,3,-25.875002,42.600002,7.36875
885969879,3,-24.750002,42.2625,7.2000003
885969899,3,-23.38125,42.09375,7.4812503
885969919,3,-21.581251,42.15,8.0625
885969939,3,-19.3875,42.43125,8.775001
885969959,3,-16.85625,42.9,9.46875
885969979,3,-14.1,43.443752,10.06875
885969999,3,-11.231251,44.100002,10.40625
885970019,3,-8.475,44.737503,10.5375
885970039,3,-5.83125,45.375,10.462501
885970059,3,-3.43125,45.975002,10.14375
885970079,3,-1.4625001,46.5,9.712501
885970099,3,-0.075,46.95,9.28125
885970119,3,0.71250004,47.34375,9.168751
885970139,3,1.0500001,47.68125,9.4125
885970159,3,1.1812501,47.9625,9.806251
885970179,3,1.1625,48.075,9.9375
885970199,3,0.93750006,47.943752,9.431251
885970219,3,0.63750005,47.68125,8.45625
885970239,3,0.35625002,47.4,7.5375004
885970259,3,-0.13125001,47.193752,7.05
885970279,3,-1.0500001,47.04375,6.95625
885970299,3,-2.3625002,46.93125,7.1250005
885970319,3,-3.91875,46.8375,7.3500004
885970339,3,-5.7375,46.725002,7.55625
885970359,3,-7.6687503,46.59375,7.65
885970379,3,-9.637501,46.48125,7.51875
885970399,3,-11.512501,46.350002,7.2562504
885970419,3,-13.2375,46.21875,6.8437505
885970439,3,-14.793751,46.162502,6.4125004
885970459,3,-16.050001,46.237503,6.01875
885970479,3,-16.931252,46.443752,5.925
885970499,3,-17.625,46.7625,6.3
885970519,3,-18.431252,47.100002,7.14375
885970539,3,-19.35,47.268753,8.043751
885970559,3,-20.1,47.287502,8.625
885970579,3,-20.2875,47.193752,8.887501
885970599,3,-19.85625,47.025,8.887501
885970619,3,-18.975,46.818752,8.7375
885970639,3,-17.868752,46.612503,8.7375
885970659,3,-16.5,46.4625,9.01875
885970679,3,-14.64375,46.36875,9.6
885970699,3,-12.356251,46.36875,10.3125
885970719,3,-9.65625,46.3875,11.0625
885970739,3,-6.58125,46.425003,11.7375
885970759,3,-3.3000002,46.5,12.243751
885970779,3,0.0375,46.59375,12.4875
885970799,3,3.35625,46.725002,12.525001
885970819,3,6.58125,46.85625,12.3
885970839,3,9.543751,47.006252,11.83125
885970859,3,12.20625,47.15625,11.2875
885970879,3,14.38125,47.34375,10.8
885970899,3,16.06875,47.53125,10.462501
885970919,3,17.362501,47.68125,10.35
885970939,3,18.31875,47.775,10.3125
885970959,3,18.806252,47.756252,10.1625
885970979,3,18.54375,47.550003,9.731251
885970999,3,17.737501,47.25,9.09375
885971019,3,16.66875,46.96875,8.4375
885971039,3,15.4125,46.7625,8.15625
885971059,3,13.89375,46.612503,8.400001
885971079,3,12.075001,46.518753,9.0375
885971099,3,9.918751,46.4625,9.88125
885971119,3,7.5000005,46.443752,10.837501
885971139,3,4.93125,46.425003,11.925
885971159,3,2.1750002,46.36875,13.012501
885971179,3,-0.65625,46.21875,13.9875
885971199,3,-3.4687502,46.0125,14.981251
885971219,3,-6.1687503,45.768753,15.918751
885971239,3,-8.55,45.5625,16.800001
885971259,3,-10.556251,45.393753,17.737501
885971279,3,-12.056251,45.375,18.88125
885971299,3,-13.218751,45.45,20.325
885971319,3,-14.1,45.600002,21.806252
885971339,3,-14.64375,45.73125,22.96875
885971359,3,-14.6625,45.825,23.643751
885971379,3,-14.043751,45.862503,23.75625
885971399,3,-12.95625,45.84375,23.400002
885971419,3,-11.53125,45.73125,22.612501
885971439,3,-10.012501,45.5625,21.487501
885971459,3,-8.418751,45.393753,20.25
885971479,3,-6.8250003,45.225002,18.975
885971499,3,-5.175,45.075,17.737501
885971519,3,-3.525,44.9625,16.5375
885971539,3,-1.8375001,44.850002,15.356251
885971559,3,-0.15,44.737503,14.156251
885971579,3,1.4250001,44.568752,12.88125
885971599,3,2.90625,44.381252,11.55
885971619,3,4.0125003,44.11875,10.25625
885971639,3,4.70625,43.818752,9.075001
885971659,3,4.9875,43.5,8.118751
885971679,3,4.9125004,43.2,7.4437504
885971699,3,4.6687503,42.91875,7.2000003
885971719,3,4.425,42.675003,7.3875003
885971739,3,4.3500004,42.487503,7.8750005
885971759,3,4.4625,42.318752,8.56875
885971779,3,4.8375,42.225002,9.3
885971799,3,5.3625,42.131252,10.03125
885971819,3,5.9437504,42.09375,10.668751
885971839,3,6.5437503,42.05625,11.231251
885971859,3,7.0875,42.0,11.71875
885971879,3,7.6125,41.98125,12.187501
885971899,3,8.118751,41.943752,12.637501
885971919,3,8.606251,41.90625,13.106251
885971939,3,9.0,41.831253,13.556251
885971959,3,9.431251,41.775,13.9875
885971979,3,9.8625,41.662502,14.400001
885971999,3,10.293751,41.568752,14.793751
885972019,3,10.6875,41.475002,15.1125
885972039,3,11.043751,41.381252,15.356251
885972059,3,11.475,41.287502,15.562501
885972079,3,11.868751,41.23125,15.712501
885972099,3,12.243751,41.175003,15.750001
885972119,3,12.618751,41.11875,15.69375
885972139,3,12.993751,41.100002,15.618751
885972159,3,13.387501,41.100002,15.525001
885972179,3,13.8,41.100002,15.431251
885972199,3,14.19375,41.11875,15.3
885972219,3,14.56875,41.11875,15.1125
885972239,3,15.01875,41.15625,14.83125
885972259,3,15.4125,41.175003,14.475
885972279,3,15.825001,41.23125,14.062501
885972299,3,16.237501,41.325,13.575001
885972319,3,16.650002,41.41875,13.05
885972339,3,17.0625,41.5125,12.562501
885972359,3,17.41875,41.625,12.093751
885972379,3,17.7,41.71875,11.6625
885972399,3,17.90625,41.831253,11.38125
885972419,3,18.018751,41.925003,11.19375
885972439,3,18.0375,42.018753,11.0625
885972459,3,18.0,42.112503,10.931251
885972479,3,17.831251,42.225002,10.856251
885972499,3,17.60625,42.3375,10.78125
885972519,3,17.2875,42.487503,10.725
885972539,3,16.875,42.65625,10.668751
885972559,3,16.331251,42.825,10.63125
885972579,3,15.543751,42.99375,10.650001
885972599,3,14.681251,43.143753,10.668751
885972619,3,13.70625,43.3125,10.6875
885972639,3,12.6,43.48125,10.70625
885972659,3,11.4375,43.631252,10.668751
885972679,3,10.275001,43.7625,10.63125
885972699,3,9.150001,43.893753,10.51875
885972719,3,8.137501,44.025,10.368751
885972739,3,7.14375,44.15625,10.181251
885972759,3,6.1687503,44.287502,10.012501
885972779,3,5.2875004,44.41875,9.825001
885972799,3,4.4625,44.5125,9.6
885972819,3,3.6937501,44.60625,9.4125
885972839,3,2.9625,44.68125,9.262501
885972859,3,2.2875001,44.737503,9.1875
885972879,3,1.7437501,44.79375,9.13125
885972899,3,1.29375,44.86875,9.09375
885972919,3,0.90000004,44.90625,9.075001
885972939,3,0.58125,44.943752,9.056251
885972959,3,0.3375,45.018753,9.0375
885972979,3,0.13125001,45.075,9.0375
885972999,3,-0.056250002,45.131252,9.075001
885973019,3,-0.28125,45.206253,9.075001
885973039,3,-0.46875003,45.28125,9.056251
885973059,3,-0.58125,45.318752,9.075001
885973079,3,-0.675,45.35625,9.056251
885973099,3,-0.69375,45.412502,9.056251
885973119,3,-0.61875004,45.45,9.01875
885973139,3,-0.375,45.487503,8.868751
885973159,3,-0.01875,45.54375,8.681251
885973179,3,0.46875003,45.5625,8.38125
885973199,3,1.0500001,45.5625,7.9500003
885973219,3,1.63125,45.525,7.4437504
885973239,3,2.3625002,45.487503,6.8437505
885973259,3,3.16875,45.43125,6.15
885973279,3,4.03125,45.35625,5.26875
885973299,3,4.96875,45.225002,4.275
885973319,3,5.90625,45.018753,3.1875002
885973339,3,6.8250003,44.775,2.0062501
885973359,3,7.7812505,44.456253,0.73125005
885973379,3,8.7375,44.100002,-0.63750005
885973399,3,9.637501,43.66875,-2.025
885973419,3,10.462501,43.21875,-3.525
885973439,3,11.175,42.7125,-4.9875
885973459,3,11.793751,42.1875,-6.4125004
885973479,3,12.281251,41.643753,-7.8375
885973499,3,12.69375,41.081253,-9.20625
885973519,3,13.087501,40.48125,-10.556251
885973539,3,13.33125,39.825,-11.90625
885973559,3,13.51875,39.15,-13.2375
885973579,3,13.63125,38.456253,-14.493751
885973599,3,13.687501,37.78125,-15.675
885973619,3,13.781251,37.162502,-16.743752
885973639,3,13.875001,36.54375,-17.737501
885973659,3,13.968751,35.9625,-18.73125
885973679,3,14.025001,35.325,-19.725
885973699,3,14.08125,34.66875,-20.831251
885973719,3,14.156251,33.9375,-21.91875
885973739,3,14.26875,33.131252,-23.081251
885973759,3,14.400001,32.268753,-24.281252
885973779,3,14.606251,31.331251,-25.48125
885973799,3,14.887501,30.35625,-26.643751
885973819,3,15.243751,29.38125,-27.806252
885973839,3,15.637501,28.3875,-28.968752
885973859,3,15.975,27.35625,-30.093752
885973879,3,16.35,26.343752,-31.237501
885973899,3,16.725,25.35,-32.381252
885973919,3,17.0625,24.431252,-33.525
885973939,3,17.34375,23.60625,-34.6875
885973959,3,17.53125,22.931252,-35.775
885973979,3,17.60625,22.425001,-36.787502
885973999,3,17.550001,22.087502,-37.612503
885974019,3,17.362501,21.9375,-38.30625
885974039,3,17.025002,21.993752,-38.8875
885974059,3,16.575,22.21875,-39.393753
885974079,3,15.937501,22.650002,-39.768753
885974099,3,15.20625,23.325,-39.975002
885974119,3,14.400001,24.16875,-39.975002
885974139,3,13.593751,25.218752,-39.768753
885974159,3,12.88125,26.456251,-39.412502
885974179,3,12.168751,27.862501,-38.8875
885974199,3,11.55,29.38125,-38.2125
885974219,3,11.118751,30.993752,-37.36875
885974239,3,10.8,32.625,-36.300003
885974259,3,10.650001,34.256252,-34.987503
885974279,3,10.650001,35.943752,-33.487503
885974299,3,10.81875,37.612503,-31.781252
885974319,3,11.1,39.2625,-29.98125
885974339,3,11.45625,40.85625,-28.050001
885974359,3,11.75625,42.35625,-26.00625
885974379,3,12.1125,43.7625,-23.925001
885974399,3,12.4875,45.037502,-21.900002
885974419,3,12.8625,46.18125,-19.875
885974439,3,13.200001,47.23125,-17.85
885974459,3,13.5375,48.15,-15.843751
885974479,3,13.8,48.956253,-13.837501
885974499,3,13.89375,49.65,-11.868751
885974519,3,13.81875,50.23125,-9.95625
885974539,3,13.668751,50.7,-8.212501
885974559,3,13.406251,51.075,-6.58125
885974579,3,13.06875,51.318752,-5.08125
885974599,3,12.637501,51.487503,-3.6750002
885974619,3,12.20625,51.600002,-2.34375
885974639,3,11.8125,51.656254,-1.0125
885974659,3,11.512501,51.675003,0.28125
885974679,3,11.26875,51.656254,1.6125001
885974699,3,11.1,51.61875,2.8875
885974719,3,10.96875,51.61875,4.1062503
885974739,3,10.81875,51.61875,5.1937504
885974759,3,10.63125,51.600002,6.0937505
885974779,3,10.462501,51.600002,6.7312503
885974799,3,10.40625,51.675003,7.0312505
885974819,3,10.293751,51.73125,7.0312505
885974839,3,10.25625,51.787502,6.58125
885974859,3,10.275001,51.80625,5.7000003
885974879,3,10.181251,51.750004,4.3125
885974899,3,10.087501,51.562504,2.4562502
885974919,3,9.9375,51.16875,0.15
885974939,3,9.75,50.5875,-2.5687501
885974959,3,9.525001,49.781254,-5.7000003
885974979,3,9.243751,48.768753,-9.168751
885974999,3,8.868751,47.53125,-12.806251
885975019,3,8.418751,46.10625,-16.59375
885975039,3,7.9687505,44.53125,-20.400002
885975059,3,7.5750003,42.9,-24.150002
885975079,3,7.2000003,41.193752,-27.73125
885975099,3,6.8250003,39.43125,-31.125002
885975119,3,6.5062504,37.74375,-34.2
885975139,3,6.1687503,36.16875,-36.80625
885975159,3,5.8875003,34.800003,-38.943752
885975179,3,5.8500004,33.73125,-40.537502
885975199,3,5.9625,33.018753,-41.568752
885975219,3,6.24375,32.7,-41.98125
885975239,3,6.6937504,32.831253,-41.79375
885975259,3,7.275,33.3375,-41.04375
885975279,3,7.9687505,34.18125,-39.80625
885975299,3,8.83125,35.325,-38.175003
885975319,3,9.75,36.675003,-36.206253
885975339,3,10.6875,38.2125,-34.03125
885975359,3,11.606251,39.881252,-31.650002
885975379,3,12.4125,41.568752,-29.23125
885975399,3,13.1625,43.256252,-26.831251
885975419,3,13.8,44.8875,-24.54375
885975439,3,14.400001,46.3875,-22.44375
885975459,3,14.906251,47.662502,-20.493752
885975479,3,15.31875,48.750004,-18.75
885975499,3,15.637501,49.612503,-17.212502
885975519,3,15.825001,50.250004,-15.975
885975539,3,15.88125,50.662502,-15.075001
885975559,3,15.843751,50.925003,-14.400001
885975579,3,15.750001,51.093754,-13.968751
885975599,3,15.562501,51.187504,-13.687501
885975619,3,15.39375,51.225002,-13.63125
885975639,3,15.187501,51.225002,-13.725
885975659,3,15.0375,51.16875,-13.968751
885975679,3,14.962501,51.131252,-14.250001
885975699,3,14.962501,51.093754,-14.493751
885975719,3,15.056251,51.037502,-14.718751
885975739,3,15.093751,50.943752,-14.887501
885975759,3,15.075001,50.850002,-15.01875
885975779,3,15.01875,50.737503,-15.13125
885975799,3,15.01875,50.5875,-15.243751
885975819,3,15.1125,50.41875,-15.4125
885975839,3,15.243751,50.23125,-15.58125
885975859,3,15.4125,50.04375,-15.750001
885975879,3,15.618751,49.800003,-15.95625
885975899,3,15.806251,49.55625,-16.181252
885975919,3,15.95625,49.312504,-16.44375
885975939,3,16.087502,49.050003,-16.743752
885975959,3,16.143751,48.787502,-17.0625
885975979,3,16.143751,48.487503,-17.400002
885975999,3,16.125,48.16875,-17.775002
885976019,3,16.06875,47.831253,-18.16875
885976039,3,16.06875,47.5125,-18.6
885976059,3,16.087502,47.2125,-18.975
885976079,3,16.143751,46.912502,-19.331251
885976099,3,16.125,46.65,-19.612501
885976119,3,16.050001,46.425003,-19.800001
885976139,3,15.900001,46.2,-19.9125
885976159,3,15.712501,45.99375,-20.0625
885976179,3,15.468751,45.80625,-20.23125
885976199,3,15.20625,45.61875,-20.456251
885976219,3,14.887501,45.45,-20.6625
885976239,3,14.55,45.24375,-20.90625
885976259,3,14.19375,45.037502,-21.075
885976279,3,13.875001,44.850002,-21.28125
885976299,3,13.500001,44.643753,-21.487501
885976319,3,13.125001,44.456253,-21.65625
885976339,3,12.750001,44.268753,-21.806252
885976359,3,12.375001,44.081253,-21.91875
885976379,3,12.01875,43.93125,-22.06875
885976399,3,11.681251,43.7625,-22.21875
885976419,3,11.325001,43.55625,-22.3875
885976439,3,11.1,43.36875,-22.575
885976459,3,10.9875,43.2,-22.706251
885976479,3,10.950001,43.03125,-22.81875
885976499,3,11.025001,42.84375,-22.931252
885976519,3,11.175,42.6375,-23.081251
885976539,3,11.45625,42.393753,-23.268751
885976559,3,11.90625,42.112503,-23.5125
885976579,3,12.450001,41.756252,-23.7
885976599,3,13.1625,41.34375,-23.94375
885976619,3,14.00625,40.8375,-24.206251
885976639,3,15.000001,40.256252,-24.468752
885976659,3,16.087502,39.581253,-24.806252
885976679,3,17.268751,38.8125,-25.143751
885976699,3,18.581251,37.96875,-25.5375
885976719,3,20.025002,37.03125,-25.931252
885976739,3,21.393751,35.943752,-26.38125
885976759,3,22.743752,34.7625,-26.8875
885976779,3,24.075,33.46875,-27.4125
885976799,3,25.3875,32.100002,-27.956251
885976819,3,26.737501,30.618752,-28.500002
885976839,3,28.031252,29.1,-28.968752
885976859,3,29.250002,27.50625,-29.437502
885976879,3,30.393751,25.875002,-29.868752
885976899,3,31.48125,24.16875,-30.300001
885976919,3,32.456253,22.44375,-30.69375
885976939,3,33.300003,20.681252,-31.050001
885976959,3,34.03125,18.88125,-31.35
885976979,3,34.66875,17.0625,-31.63125
885976999,3,35.175003,15.168751,-31.85625
885977019,3,35.568752,13.2375,-32.04375
885977039,3,35.9625,11.26875,-32.1375
885977059,3,36.2625,9.262501,-32.11875
885977079,3,36.581253,7.2375,-32.04375
885977099,3,36.862503,5.15625,-31.9125
885977119,3,37.0875,3.0937502,-31.725
885977139,3,37.2,0.99375004,-31.462502
885977159,3,37.3125,-1.0875001,-31.181252
885977179,3,37.40625,-3.1312501,-30.843752
885977199,3,37.40625,-5.15625,-30.431252
885977219,3,37.3875,-7.1625004,-29.962502
885977239,3,37.3125,-9.09375,-29.475
885977259,3,37.237503,-11.00625,-28.931252
885977279,3,37.125,-12.825001,-28.312502
885977299,3,36.99375,-14.55,-27.656252
885977319,3,36.825,-16.181252,-27.075
885977339,3,36.600002,-17.71875,-26.550001
885977359,3,36.393753,-19.10625,-26.04375
885977379,3,36.131252,-20.38125,-25.575
885977399,3,35.831253,-21.525002,-25.1625
885977419,3,35.550003,-22.5375,-24.7875
885977439,3,35.287502,-23.400002,-24.487501
885977459,3,35.0625,-24.150002,-24.243752
885977479,3,34.85625,-24.768751,-24.0375
885977499,3,34.66875,-25.29375,-23.868752
885977519,3,34.518753,-25.687502,-23.775002
885977539,3,34.443752,-25.968752,-23.7
885977559,3,34.331253,-26.175001,-23.7
885977579,3,34.256252,-26.306252,-23.737501
885977599,3,34.2,-26.362501,-23.79375
885977619,3,34.21875,-26.343752,-23.831251
885977639,3,34.21875,-26.268751,-23.868752
885977659,3,34.29375,-26.156252,-23.94375
885977679,3,34.36875,-25.987501,-24.018751
885977699,3,34.425003,-25.800001,-24.0375
885977719,3,34.631252,-25.575,-24.075
885977739,3,34.893753,-25.312502,-24.093752
885977759,3,35.1375,-25.0125,-24.0375
885977779,3,35.456253,-24.656252,-24.0
885977799,3,35.831253,-24.243752,-23.90625
885977819,3,36.225002,-23.75625,-23.79375
885977839,3,36.65625,-23.15625,-23.643751
885977859,3,37.18125,-22.425001,-23.4375
885977879,3,37.74375,-21.65625,-23.212502
885977899,3,38.381252,-20.75625,-22.987501
885977919,3,39.018753,-19.725,-22.6875
885977939,3,39.73125,-18.525002,-22.3875
885977959,3,40.443752,-17.15625,-22.03125
885977979,3,41.2125,-15.637501,-21.65625
885977999,3,42.0,-13.950001,-21.225
885978019,3,42.65625,-12.1125,-20.75625
885978039,3,43.237503,-10.06875,-20.2875
885978059,3,43.800003,-7.8375,-19.81875
885978079,3,44.25,-5.4750004,-19.35
885978099,3,44.550003,-2.98125,-18.900002
885978119,3,44.71875,-0.39375,-18.4125
885978139,3,44.756252,2.2687502,-17.925001
885978159,3,44.643753,4.9500003,-17.41875
885978179,3,44.41875,7.6687503,-16.95
885978199,3,44.100002,10.33125,-16.44375
885978219,3,43.706253,12.88125,-15.918751
885978239,3,43.275,15.243751,-15.431251
885978259,3,42.825,17.362501,-14.94375
885978279,3,42.412502,19.21875,-14.475
885978299,3,42.131252,20.71875,-14.043751
885978319,3,41.925003,21.825,-13.593751
885978339,3,41.756252,22.44375,-13.1625
885978359,3,41.79375,22.556252,-12.731251
885978379,3,41.925003,22.143751,-12.337501
885978399,3,42.131252,21.1875,-12.0
885978419,3,42.43125,19.650002,-11.681251
885978439,3,42.768753,17.550001,-11.475
885978459,3,43.050003,14.906251,-11.400001
885978479,3,43.125,11.681251,-11.512501
885978499,3,42.84375,7.9125004,-11.793751
885978519,3,42.15,3.6562502,-12.093751
885978539,3,40.893753,-0.90000004,-12.356251
885978559,3,38.98125,-5.6625004,-12.562501
885978579,3,36.35625,-10.40625,-12.712501
885978599,3,32.943752,-14.94375,-12.7875
885978619,3,28.85625,-19.087502,-12.76875
885978639,3,24.225,-22.6875,-12.731251
885978659,3,18.975,-25.575,-12.731251
885978679,3,13.293751,-27.6,-12.712501
885978699,3,7.36875,-28.725,-12.731251
885978719,3,1.40625,-28.85625,-12.8625
885978739,3,-4.4437504,-27.975,-13.05
885978759,3,-9.975,-26.062502,-13.218751
885978779,3,-14.868751,-23.118752,-13.312501
885978799,3,-18.91875,-19.25625,-13.312501
885978819,3,-21.975,-14.55,-13.33125
885978839,3,-23.79375,-9.243751,-13.35
885978859,3,-24.2625,-3.5812502,-13.406251
885978879,3,-23.38125,2.0812502,-13.406251
885978899,3,-21.1875,7.425,-13.462501
885978919,3,-17.831251,12.225,-13.593751
885978939,3,-13.593751,16.181252,-14.043751
885978959,3,-9.0375,19.050001,-15.225
885978979,3,-4.1062503,21.09375,-16.40625
885978999,3,1.3125,22.575,-17.25
885979019,3,6.9375005,23.362501,-17.79375
885979039,3,12.4875,23.38125,-18.28125
885979059,3,17.775002,22.612501,-18.806252
885979079,3,22.59375,21.075,-19.5
885979099,3,26.775002,18.900002,-20.306252
885979119,3,30.31875,16.143751,-21.243752
885979139,3,33.0,12.918751,-22.3125
885979159,3,34.818752,9.375,-23.5125
885979179,3,35.775,5.71875,-24.937502
885979199,3,35.8875,2.11875,-26.456251
885979219,3,35.268753,-1.3312501,-28.0125
885979239,3,34.237503,-4.3500004,-29.23125
885979259,3,33.6375,-6.6375003,-29.60625
885979279,3,33.43125,-8.55,-29.79375
885979299,3,33.09375,-10.51875,-30.0375
885979319,3,32.7,-12.525001,-30.337502
885979339,3,32.362503,-14.437501,-30.50625
885979359,3,32.11875,-16.181252,-30.487501
885979379,3,31.987501,-17.775002,-30.206251
885979399,3,31.95,-19.1625,-29.737501
885979419,3,32.081253,-20.400002,-29.156252
885979439,3,32.381252,-21.45,-28.406252
885979459,3,32.86875,-22.25625,-27.6
885979479,3,33.54375,-22.837502,-26.681252
885979499,3,34.425003,-23.19375,-25.66875
885979519,3,35.475002,-23.2875,-24.69375
885979539,3,36.5625,-23.25,-23.79375
885979559,3,37.350002,-23.268751,-23.081251
885979579,3,37.725002,-23.400002,-22.59375
885979599,3,37.893753,-23.456251,-22.29375
885979619,3,37.93125,-23.4375,-22.143751
885979639,3,37.987503,-23.362501,-22.087502
885979659,3,38.0625,-23.268751,-22.06875
885979679,3,38.15625,-23.15625,-22.06875
885979699,3,38.268753,-23.025002,-22.10625
885979719,3,38.4,-22.875,-22.1625
885979739,3,38.5125,-22.706251,-22.237501
885979759,3,38.550003,-22.575,-22.35
885979779,3,38.568752,-22.462502,-22.5
885979799,3,38.53125,-22.40625,-22.6875
885979819,3,38.49375,-22.368752,-22.85625
885979839,3,38.456253,-22.368752,-23.00625
885979859,3,38.475002,-22.368752,-23.025002
885979879,3,38.5125,-22.368752,-23.025002
885979899,3,38.568752,-22.35,-23.04375
885979919,3,38.68125,-22.35,-23.025002
885979939,3,38.756252,-22.35,-23.00625
885979959,3,38.8125,-22.331251,-22.96875
885979979,3,38.850002,-22.29375,-23.00625
885979999,3,38.8875,-22.29375,-23.04375
885980019,3,38.90625,-22.275002,-23.04375
885980039,3,38.9625,-22.275002,-23.1
885980059,3,39.037502,-22.275002,-23.118752
885980079,3,39.075,-22.275002,-23.15625
885980099,3,39.15,-22.25625,-23.23125
885980119,3,39.28125,-22.21875,-23.25
885980139,3,39.3375,-22.21875,-23.25
885980159,3,39.375,-22.21875,-23.2875
885980179,3,39.43125,-22.2,-23.325
885980199,3,39.506252,-22.181252,-23.34375
885980219,3,39.581253,-22.1625,-23.400002
885980239,3,39.600002,-22.181252,-23.4375
885980259,3,39.581253,-22.2,-23.41875
885980279,3,39.61875,-22.2,-23.41875
885980299,3,39.65625,-22.181252,-23.4375
885980319,3,39.675003,-22.181252,-23.493752
885980339,3,39.6375,-22.181252,-23.493752
885980359,3,39.6375,-22.181252,-23.475
885980379,3,39.65625,-22.181252,-23.475
885980399,3,39.61875,-22.181252,-23.4375
885980419,3,39.54375,-22.2,-23.456251
885980439,3,39.54375,-22.181252,-23.475
885980459,3,39.54375,-22.1625,-23.456251
885980479,3,39.54375,-22.181252,-23.400002
885980499,3,39.525,-22.2,-23.34375
885980519,3,39.525,-22.21875,-23.2875
885980539,3,39.54375,-22.2,-23.212502
885980559,3,39.600002,-22.1625,-23.212502
885980579,3,39.61875,-22.1625,-23.19375
885980599,3,39.600002,-22.1625,-23.1375
885980619,3,39.581253,-22.181252,-23.081251
885980639,3,39.600002,-22.1625,-23.025002
885980659,3,39.600002,-22.1625,-23.025002
885980679,3,39.61875,-22.143751,-22.96875
885980699,3,39.65625,-22.143751,-22.9125
885980719,3,39.73125,-22.143751,-22.85625
885980739,3,39.787502,-22.143751,-22.800001
885980759,3,39.80625,-22.143751,-22.800001
885980779,3,39.84375,-22.125,-22.85625
885980799,3,39.862503,-22.125,-22.9125
885980819,3,39.9,-22.10625,-22.95
885980839,3,39.9,-22.10625,-22.987501
885980859,3,39.9375,-22.125,-23.0625
885980879,3,39.975002,-22.125,-23.04375
885980899,3,39.99375,-22.125,-23.081251
885980919,3,40.125,-22.10625,-23.1375
885980939,3,40.125,-22.10625,-23.15625
885980959,3,40.125,-22.125,-23.19375
885980979,3,40.125,-22.125,-23.212502
885980999,3,40.0875,-22.125,-23.268751
885981019,3,40.03125,-22.125,-23.325
885981039,3,39.975002,-22.143751,-23.362501
885981059,3,39.956253,-22.1625,-23.38125
885981079,3,39.9375,-22.1625,-23.325
885981099,3,39.956253,-22.1625,-23.34375
885981119,3,40.0125,-22.143751,-23.362501
885981139,3,39.99375,-22.143751,-23.38125
885981159,3,39.956253,-22.143751,-23.400002
885981179,3,39.9375,-22.143751,-23.4375
885981199,3,39.91875,-22.143751,-23.456251
885981219,3,39.787502,-22.1625,-23.475
885981239,3,39.768753,-22.1625,-23.475
885981259,3,39.768753,-22.1625,-23.5125
885981279,3,39.768753,-22.1625,-23.5125
885981299,3,39.768753,-22.1625,-23.5125
885981319,3,39.768753,-22.1625,-23.5125
885981339,3,39.75,-22.143751,-23.5125
885981359,3,39.75,-22.125,-23.56875
885981379,3,39.73125,-22.143751,-23.60625
885981399,3,39.675003,-22.143751,-23.56875
885981419,3,39.581253,-22.1625,-23.550001
885981439,3,39.581253,-22.143751,-23.550001
885981459,3,39.581253,-22.143751,-23.53125
885981479,3,39.5625,-22.143751,-23.493752
885981499,3,39.525,-22.143751,-23.493752
885981519,3,39.525,-22.1625,-23.475
885981539,3,39.43125,-22.181252,-23.4375
885981559,3,39.412502,-22.2,-23.41875
885981579,3,39.393753,-22.21875,-23.4375
885981599,3,39.375,-22.21875,-23.400002
885981619,3,39.35625,-22.21875,-23.400002
885981639,3,39.375,-22.21875,-23.400002
885981659,3,39.35625,-22.21875,-23.38125
885981679,3,39.375,-22.21875,-23.362501
885981699,3,39.375,-22.2,-23.34375
885981719,3,39.45,-22.2,-23.38125
885981739,3,39.506252,-22.2,-23.400002
885981759,3,39.506252,-22.21875,-23.362501
885981779,3,39.525,-22.21875,-23.362501
885981799,3,39.600002,-22.2,-23.34375
885981819,3,39.65625,-22.1625,-23.362501
885981839,3,39.787502,-22.143751,-23.400002
885981859,3,39.80625,-22.125,-23.41875
885981879,3,39.825,-22.10625,-23.41875
885981899,3,39.84375,-22.125,-23.362501
885981919,3,39.84375,-22.125,-23.325
885981939,3,39.84375,-22.10625,-23.2875
885981959,3,39.84375,-22.10625,-23.2875
885981979,3,39.825,-22.10625,-23.325
885981999,3,39.80625,-22.125,-23.34375
885982019,3,39.75,-22.125,-23.325
885982039,3,39.693752,-22.10625,-23.325
885982059,3,39.65625,-22.10625,-23.325
885982079,3,39.6375,-22.125,-23.362501
885982099,3,39.581253,-22.125,-23.34375
885982119,3,39.54375,-22.125,-23.34375
885982139,3,39.487503,-22.143751,-23.325
885982159,3,39.487503,-22.125,-23.34375
885982179,3,39.43125,-22.143751,-23.34375
885982199,3,39.45,-22.125,-23.38125
885982219,3,39.46875,-22.125,-23.4375
885982239,3,39.45,-22.143751,-23.475
885982259,3,39.45,-22.1625,-23.493752
885982279,3,39.45,-22.143751,-23.493752
885982299,3,39.487503,-22.143751,-23.475
885982319,3,39.487503,-22.125,-23.456251
885982339,3,39.506252,-22.143751,-23.456251
885982359,3,39.525,-22.143751,-23.456251
885982379,3,39.54375,-22.125,-23.4375
885982399,3,39.525,-22.125,-23.475
885982419,3,39.54375,-22.125,-23.475
885982439,3,39.525,-22.125,-23.475
885982459,3,39.525,-22.125,-23.475
885982479,3,39.600002,-22.125,-23.5125
885982499,3,39.581253,-22.125,-23.493752
885982519,3,39.5625,-22.125,-23.400002
885982539,3,39.581253,-22.10625,-23.38125
885982559,3,39.600002,-22.087502,-23.362501
885982579,3,39.61875,-22.10625,-23.362501
885982599,3,39.600002,-22.125,-23.362501
885982619,3,39.600002,-22.125,-23.34375
885982639,3,39.600002,-22.143751,-23.306252
885982659,3,39.600002,-22.143751,-23.2875
885982679,3,39.600002,-22.1625,-23.306252
885982699,3,39.600002,-22.143751,-23.325
885982719,3,39.65625,-22.125,-23.325
885982739,3,39.7125,-22.10625,-23.306252
885982759,3,39.73125,-22.10625,-23.268751
885982779,3,39.73125,-22.10625,-23.25
885982799,3,39.75,-22.10625,-23.268751
885982819,3,39.73125,-22.10625,-23.325
885982839,3,39.768753,-22.125,-23.325
885982859,3,39.768753,-22.125,-23.306252
885982879,3,39.84375,-22.10625,-23.2875
885982899,3,39.862503,-22.087502,-23.268751
885982919,3,39.862503,-22.10625,-23.2875
885982939,3,39.862503,-22.087502,-23.325
885982959,3,39.881252,-22.087502,-23.362501
885982979,3,39.881252,-22.087502,-23.362501
885982999,3,39.881252,-22.10625,-23.362501
885983019,3,39.84375,-22.125,-23.362501
885983039,3,39.80625,-22.143751,-23.38125
885983059,3,39.80625,-22.143751,-23.38125
885983079,3,39.80625,-22.143751,-23.400002
885983099,3,39.787502,-22.143751,-23.41875
885983119,3,39.825,-22.143751,-23.400002
885983139,3,39.787502,-22.143751,-23.400002
885983159,3,39.768753,-22.125,-23.41875
885983179,3,39.675003,-22.143751,-23.41875
885983199,3,39.65625,-22.181252,-23.456251
885983219,3,39.65625,-22.181252,-23.475
885983239,3,39.65625,-22.181252,-23.456251
885983259,3,39.6375,-22.181252,-23.456251
885983279,3,39.6375,-22.181252,-23.456251
885983299,3,39.65625,-22.1625,-23.41875
885983319,3,39.6375,-22.181252,-23.400002
885983339,3,39.6375,-22.181252,-23.362501
885983359,3,39.61875,-22.2,-23.34375
885983379,3,39.600002,-22.21875,-23.2875
885983399,3,39.600002,-22.237501,-23.25
885983419,3,39.581253,-22.275002,-23.23125
885983439,3,39.581253,-22.3125,-23.15625
885983459,3,39.54375,-22.3875,-23.00625
885983479,3,39.581253,-22.44375,-22.875
885983499,3,39.675003,-22.48125,-22.706251
885983519,3,39.75,-22.518751,-22.5375
885983539,3,39.825,-22.556252,-22.368752
885983559,3,39.9,-22.612501,-22.2
885983579,3,39.956253,-22.650002,-22.06875
885983599,3,40.0125,-22.706251,-21.975
885983619,3,40.050003,-22.743752,-21.88125
885983639,3,40.10625,-22.800001,-21.768751
885983659,3,40.162502,-22.85625,-21.6375
885983679,3,40.21875,-22.9125,-21.54375
885983699,3,40.275,-22.96875,-21.45
885983719,3,40.350002,-23.025002,-21.375
885983739,3,40.40625,-23.081251,-21.31875
885983759,3,40.443752,-23.15625,-21.35625
885983779,3,40.3875,-23.268751,-21.35625
885983799,3,40.275,-23.4375,-21.375
885983819,3,40.162502,-23.625,-21.431252
885983839,3,40.050003,-23.868752,-21.4125
885983859,3,39.9,-24.187502,-21.393751
885983879,3,39.693752,-24.525002,-21.300001
885983899,3,39.46875,-24.900002,-21.206251
885983919,3,39.206253,-25.29375,-21.13125
885983939,3,38.9625,-25.743752,-21.13125
885983959,3,38.60625,-26.250002,-21.150002
885983979,3,38.100002,-26.79375,-21.225
885983999,3,37.48125,-27.393751,-21.35625
885984019,3,36.73125,-27.975,-21.6
885984039,3,35.925003,-28.556252,-21.91875
885984059,3,35.100002,-29.1,-22.29375
885984079,3,34.10625,-29.56875,-22.875
885984099,3,33.037502,-30.018751,-23.456251
885984119,3,32.175003,-30.487501,-23.8875
885984139,3,31.44375,-30.91875,-24.337502
885984159,3,30.843752,-31.2,-24.88125
885984179,3,30.243752,-31.425001,-25.48125
885984199,3,29.643751,-31.593752,-26.118752
885984219,3,29.1375,-31.725,-26.7
885984239,3,28.650002,-31.85625,-27.206251
885984259,3,28.25625,-31.9125,-27.656252
885984279,3,27.993752,-31.931252,-28.087502
885984299,3,27.900002,-31.9125,-28.425001
885984319,3,27.91875,-31.85625,-28.650002
885984339,3,27.975,-31.81875,-28.81875
885984359,3,28.1625,-31.7625,-28.875002
885984379,3,28.500002,-31.743752,-28.781252
885984399,3,28.9125,-31.706251,-28.687502
885984419,3,29.1375,-31.63125,-28.743752
885984439,3,29.23125,-31.5375,-28.800001
885984459,3,29.250002,-31.5375,-28.81875
885984479,3,29.306252,-31.556252,-28.781252
885984499,3,29.38125,-31.593752,-28.743752
885984519,3,29.437502,-31.63125,-28.725
885984539,3,29.475,-31.650002,-28.7625
885984559,3,29.5125,-31.650002,-28.81875
885984579,3,29.587502,-31.650002,-28.837502
885984599,3,29.60625,-31.63125,-28.85625
885984619,3,29.60625,-31.63125,-28.893751
885984639,3,29.681252,-31.612501,-28.9125
885984659,3,29.737501,-31.612501,-28.931252
