spl07,goermicro,2026-06-11_21-49-00.661_Active 10 Pro
imuTimestamp,accuracy(more=better),pressure[millibar]
2094272447,3,995.51996
2094272547,3,995.5
2094272647,3,995.48
2094272747,3,995.49
2094272847,3,995.50995
2094272947,3,995.51996
2094273047,3,995.5
2094273147,3,995.5
2094273247,3,995.50995
2094273347,3,995.50995
2094273447,3,995.45996
2094273547,3,995.47
2094273647,3,995.56995
2094273747,3,995.5
2094273847,3,995.44
2094273947,3,995.47
2094274047,3,995.45996
2094274147,3,995.48
2094274247,3,995.47
2094274347,3,995.41
2094274447,3,995.47
2094274547,3,995.39996
2094274647,3,995.42
2094274747,3,995.43
2094274847,3,995.43
2094274947,3,995.61
2094275047,3,995.43
2094275147,3,995.50995
2094275247,3,995.44995
2094275347,3,995.63
2094275447,3,997.01996
2094275547,3,995.97
2094275647,3,995.22
2094275747,3,995.27997
2094275847,3,995.5
2094275947,3,995.41
2094276047,3,995.37
2094276147,3,995.75
2094276247,3,995.50995
2094276347,3,995.33997
2094276447,3,995.43
2094276547,3,995.29
2094276647,3,995.5
2094276747,3,995.48
2094276847,3,995.38
2094276947,3,995.36
2094277047,3,995.42
2094277147,3,995.49
2094277247,3,995.5
2094277347,3,995.63995
2094277447,3,995.35
2094277547,3,995.37
2094277647,3,995.24
2094277747,3,995.38
2094277847,3,995.35
2094277947,3,995.51996
2094278047,3,995.48
2094278147,3,995.52997
2094278247,3,995.5
2094278347,3,995.5
2094278447,3,995.58997
2094278547,3,995.67
2094278647,3,995.63
2094278747,3,995.58997
2094278847,3,995.54
2094278947,3,995.5
2094279047,3,995.45996
2094279147,3,995.51996
2094279247,3,995.51996
2094279347,3,995.42
2094279447,3,995.42
2094279547,3,995.36
2094279647,3,995.35
2094279747,3,995.35
2094279847,3,995.27997
2094279947,3,995.31995
2094280047,3,995.29
2094280147,3,995.47
2094280247,3,995.41
2094280347,3,995.38995
2094280447,3,995.42
2094280547,3,995.52997
2094280647,3,995.38995
2094280747,3,995.58997
2094280847,3,995.63995
2094280947,3,995.69
2094281047,3,995.79
2094281147,3,995.75995
2094281247,3,995.66
2094281347,3,995.69
2094281447,3,995.66
2094281547,3,995.56995
2094281647,3,995.56995
2094281747,3,995.43
2094281847,3,996.72
2094281947,3,995.70996
2094282047,3,995.52997
2094282147,3,995.50995
2094282247,3,995.54
2094282347,3,995.51996
2094282447,3,995.50995
2094282547,3,995.50995
2094282647,3,995.49
2094282747,3,995.49
2094282847,3,995.49
2094282947,3,995.44995
2094283047,3,995.45996
2094283147,3,995.44995
2094283247,3,995.44995
2094283347,3,995.44995
2094283447,3,995.44995
2094283547,3,995.45996
2094283647,3,995.49
2094283747,3,995.47
2094283847,3,995.48
2094283947,3,995.47
2094284047,3,995.5
2094284147,3,995.49
2094284247,3,995.5
2094284347,3,995.48
2094284447,3,995.50995
2094284547,3,995.5
2094284647,3,995.49
2094284747,3,995.49
2094284847,3,995.5
2094284947,3,995.5
2094285047,3,995.5
2094285147,3,995.49
2094285247,3,995.50995
2094285347,3,995.50995
2094285447,3,995.5
2094285547,3,995.5
2094285647,3,995.51996
2094285747,3,995.5
2094285847,3,995.5
2094285947,3,995.49
2094286047,3,995.50995
2094286147,3,995.5
2094286247,3,995.5
2094286347,3,995.5
2094286447,3,995.5
2094286547,3,995.5
2094286647,3,995.50995
2094286747,3,995.5
2094286847,3,995.50995
2094286947,3,995.48
2094287047,3,995.5
2094287147,3,995.49
2094287247,3,995.47
2094287347,3,995.48
2094287447,3,995.48
2094287547,3,995.50995
2094287647,3,995.50995
2094287747,3,995.51996
2094287847,3,995.50995
2094287947,3,995.49
2094288047,3,995.50995
2094288147,3,995.50995
2094288247,3,995.5
2094288347,3,995.51996
2094288447,3,995.51996
2094288547,3,995.51996
2094288647,3,995.51996
2094288747,3,995.50995
2094288847,3,995.49
2094288947,3,995.47
2094289047,3,995.47
2094289147,3,995.49
2094289247,3,995.49
2094289347,3,995.50995
2094289447,3,995.5
2094289547,3,995.56
2094289647,3,995.47
2094289747,3,995.47
2094289847,3,995.44
2094289947,3,995.50995
2094290047,3,995.44
2094290147,3,995.48
2094290247,3,995.45996
2094290347,3,995.47
2094290447,3,995.45996
2094290547,3,995.48
2094290647,3,995.51996
2094290747,3,995.49
2094290847,3,995.43
2094290947,3,995.44
2094291047,3,995.44
2094291147,3,995.42
2094291247,3,995.41
2094291347,3,995.42
2094291447,3,995.42
2094291547,3,995.44995
2094291647,3,995.56995
2094291747,3,995.56
2094291847,3,995.52997
2094291947,3,995.45996
2094292047,3,995.41
2094292147,3,995.44995
2094292247,3,995.45996
2094292347,3,995.45996
2094292447,3,995.5
2094292547,3,995.47
2094292647,3,995.45996
2094292747,3,995.44
2094292847,3,995.44
2094292947,3,995.44
2094293047,3,995.45996
2094293147,3,995.45996
2094293247,3,995.51996
2094293347,3,995.49
2094293447,3,995.49
2094293547,3,995.47
2094293647,3,995.44995
2094293747,3,995.44
2094293847,3,995.44
2094293947,3,995.41
2094294047,3,995.47
2094294147,3,995.58997
2094294247,3,995.48
2094294347,3,995.43
2094294447,3,995.48
2094294547,3,995.39996
2094294647,3,995.38995
2094294747,3,995.38995
2094294847,3,995.45996
2094294947,3,995.52997
2094295047,3,995.49
2094295147,3,995.43
2094295247,3,995.52997
2094295347,3,995.5
2094295447,3,995.37
2094295547,3,995.38
2094295647,3,995.42
2094295747,3,995.41
2094295847,3,995.42
2094295947,3,995.5
2094296047,3,995.43
2094296147,3,995.44995
2094296247,3,995.52997
2094296347,3,995.5
2094296447,3,995.38995
2094296547,3,995.42
2094296647,3,995.39996
2094296747,3,995.43
2094296847,3,995.47
2094296947,3,995.5
2094297047,3,995.47
2094297147,3,995.44
2094297247,3,995.5
2094297347,3,995.47
2094297447,3,995.41
2094297547,3,995.41
2094297647,3,995.43
2094297747,3,995.43
2094297847,3,995.48
2094297947,3,995.51996
2094298047,3,995.5
2094298147,3,995.48
2094298247,3,995.49
2094298347,3,995.47
2094298447,3,995.43
2094298547,3,995.44995
2094298647,3,995.44995
2094298747,3,995.49
2094298847,3,995.49
2094298947,3,995.43
2094299047,3,995.45996
2094299147,3,995.45996
2094299247,3,995.42
2094299347,3,995.39996
2094299447,3,995.44
2094299547,3,995.49
2094299647,3,995.5
2094299747,3,995.42
2094299847,3,995.43
2094299947,3,995.44
2094300047,3,995.48
2094300147,3,995.47
2094300247,3,995.47
2094300347,3,995.44995
2094300447,3,995.47
2094300547,3,995.45996
2094300647,3,995.43
2094300747,3,995.44995
2094300847,3,995.41
2094300947,3,995.44995
2094301047,3,995.49
2094301147,3,995.49
2094301247,3,995.45996
2094301347,3,995.43
2094301447,3,995.48
2094301547,3,995.48
2094301647,3,995.43
2094301747,3,995.47
2094301847,3,995.41
2094301947,3,995.41
2094302047,3,995.47
2094302147,3,995.50995
2094302247,3,995.48
2094302347,3,995.47
2094302447,3,995.48
2094302547,3,995.45996
2094302647,3,995.47
2094302747,3,995.44995
2094302847,3,995.45996
2094302947,3,995.44
2094303047,3,995.47
2094303147,3,995.48
2094303247,3,995.51996
2094303347,3,995.48
2094303447,3,995.45996
2094303547,3,995.44995
2094303647,3,995.5
2094303747,3,995.45996
2094303847,3,995.48
2094303947,3,995.50995
2094304047,3,995.49
2094304147,3,995.47
2094304247,3,995.5
2094304347,3,995.49
2094304447,3,995.49
2094304547,3,995.49
2094304647,3,995.49
2094304747,3,995.49
2094304847,3,995.49
2094304947,3,995.5
2094305047,3,995.5
2094305147,3,995.48
2094305247,3,995.5
2094305347,3,995.49
2094305447,3,995.5
2094305547,3,995.5
2094305647,3,995.5
2094305747,3,995.48
2094305847,3,995.5
2094305947,3,995.48
2094306047,3,995.48
2094306147,3,995.48
2094306247,3,995.49
2094306347,3,995.48
2094306447,3,995.47
2094306547,3,995.48
2094306647,3,995.48
2094306747,3,995.5
2094306847,3,995.51996
2094306947,3,995.51996
2094307047,3,995.52997
2094307147,3,995.51996
2094307247,3,995.54
2094307347,3,995.52997
2094307447,3,995.51996
2094307547,3,995.52997
2094307647,3,995.52997
2094307747,3,995.51996
2094307847,3,995.52997
2094307947,3,995.51996
2094308047,3,995.51996
2094308147,3,995.51996
2094308247,3,995.51996
2094308347,3,995.52997
2094308447,3,995.51996
2094308547,3,995.50995
2094308647,3,995.50995
2094308747,3,995.51996
2094308847,3,995.51996
2094308947,3,995.52997
2094309047,3,995.52997
2094309147,3,995.54
2094309247,3,995.52997
2094309347,3,995.54
2094309447,3,995.52997
2094309547,3,995.52997
2094309647,3,995.54
2094309747,3,995.54
2094309847,3,995.54
2094309947,3,995.54
2094310047,3,995.54
2094310147,3,995.54
2094310247,3,995.54
2094310347,3,995.54
2094310447,3,995.55
2094310547,3,995.54
2094310647,3,995.54
2094310747,3,995.55
2094310847,3,995.50995
2094310947,3,995.51996
2094311047,3,995.52997
2094311147,3,995.54
2094311247,3,995.55
2094311347,3,995.54
2094311447,3,995.54
2094311547,3,995.54
2094311647,3,995.52997
2094311747,3,995.52997
2094311847,3,995.55
2094311947,3,995.56
2094312047,3,995.55
2094312147,3,995.56995
2094312247,3,995.57996
2094312347,3,995.56995
2094312447,3,995.56
2094312547,3,995.56995
2094312647,3,995.56995
2094312747,3,995.57996
2094312847,3,995.50995
2094312947,3,995.56
2094313047,3,995.55
2094313147,3,995.54
2094313247,3,995.52997
2094313347,3,995.52997
2094313447,3,995.52997
2094313547,3,995.52997
2094313647,3,995.56
2094313747,3,995.54
2094313847,3,995.56
2094313947,3,995.57996
2094314047,3,995.54
2094314147,3,995.49
2094314247,3,995.49
2094314347,3,995.56
2094314447,3,995.56
2094314547,3,995.56995
2094314647,3,995.61
2094314747,3,995.58997
2094314847,3,995.55
2094314947,3,995.57996
2094315047,3,995.52997
2094315147,3,995.51996
2094315247,3,995.54
2094315347,3,995.58997
2094315447,3,995.6
2094315547,3,995.54
2094315647,3,995.52997
2094315747,3,995.52997
2094315847,3,995.51996
2094315947,3,995.48
2094316047,3,995.51996
2094316147,3,995.54
2094316247,3,995.55
2094316347,3,995.51996
2094316447,3,995.49
2094316547,3,995.54
2094316647,3,995.50995
2094316747,3,995.47
2094316847,3,995.56
2094316947,3,995.57996
2094317047,3,995.56
2094317147,3,995.54
2094317247,3,995.52997
2094317347,3,995.50995
2094317447,3,995.51996
2094317547,3,995.49
2094317647,3,995.49
2094317747,3,995.52997
2094317847,3,995.56995
2094317947,3,995.56
2094318047,3,995.50995
2094318147,3,995.5
2094318247,3,995.5
2094318347,3,995.49
2094318447,3,995.47
2094318547,3,995.51996
2094318647,3,995.50995
2094318747,3,995.50995
2094318847,3,995.48
2094318947,3,995.48
2094319047,3,995.5
2094319147,3,995.47
2094319247,3,995.44
2094319347,3,995.44995
2094319447,3,995.48
2094319547,3,995.50995
2094319647,3,995.56
2094319747,3,995.5
2094319847,3,995.49
2094319947,3,995.54
2094320047,3,995.52997
2094320147,3,995.50995
2094320247,3,995.45996
2094320347,3,995.44995
2094320447,3,995.50995
2094320547,3,995.49
2094320647,3,995.51996
2094320747,3,995.54
2094320847,3,995.5
2094320947,3,995.5
2094321047,3,995.5
2094321147,3,995.5
2094321247,3,995.51996
2094321347,3,995.5
2094321447,3,995.45996
2094321547,3,995.48
2094321647,3,995.51996
2094321747,3,995.55
2094321847,3,995.57996
2094321947,3,995.54
2094322047,3,995.52997
2094322147,3,995.55
2094322247,3,995.51996
2094322347,3,995.51996
2094322447,3,995.52997
2094322547,3,995.52997
2094322647,3,995.52997
2094322747,3,995.52997
2094322847,3,995.51996
2094322947,3,995.54
2094323047,3,995.51996
2094323147,3,995.50995
2094323247,3,995.5
2094323347,3,995.49
2094323447,3,995.47
2094323547,3,995.49
2094323647,3,995.48
2094323747,3,995.45996
2094323847,3,995.47
2094323947,3,995.45996
2094324047,3,995.45996
2094324147,3,995.45996
2094324247,3,995.44995
2094324347,3,995.45996
2094324447,3,995.47
2094324547,3,995.47
2094324647,3,995.49
2094324747,3,995.5
2094324847,3,995.51996
2094324947,3,995.52997
2094325047,3,995.50995
2094325147,3,995.50995
2094325247,3,995.50995
2094325347,3,995.50995
2094325447,3,995.5
2094325547,3,995.50995
2094325647,3,995.5
2094325747,3,995.49
2094325847,3,995.50995
2094325947,3,995.5
2094326047,3,995.49
2094326147,3,995.52997
2094326247,3,995.55
2094326347,3,995.56
2094326447,3,995.56995
2094326547,3,995.54
2094326647,3,995.55
2094326747,3,995.52997
2094326847,3,995.55
2094326947,3,995.52997
2094327047,3,995.56
2094327147,3,995.50995
2094327247,3,995.5
2094327347,3,995.48
2094327447,3,995.48
2094327547,3,995.57996
2094327647,3,995.62
2094327747,3,995.62
2094327847,3,995.51996
2094327947,3,995.54
2094328047,3,995.47
2094328147,3,995.45996
2094328247,3,995.5
2094328347,3,995.54
2094328447,3,995.56995
2094328547,3,995.58997
2094328647,3,995.58997
2094328747,3,995.58997
2094328847,3,995.52997
2094328947,3,995.50995
2094329047,3,995.47
2094329147,3,995.51996
2094329247,3,995.50995
2094329347,3,995.56
2094329447,3,995.57996
2094329547,3,995.56
2094329647,3,995.56995
2094329747,3,995.50995
2094329847,3,995.48
2094329947,3,995.54
2094330047,3,995.6
2094330147,3,995.61
2094330247,3,995.52997
2094330347,3,995.54
2094330447,3,995.56
2094330547,3,995.48
2094330647,3,995.47
2094330747,3,995.51996
2094330847,3,995.55
2094330947,3,995.56995
2094331047,3,995.55
2094331147,3,995.51996
2094331247,3,995.55
2094331347,3,995.56
2094331447,3,995.45996
2094331547,3,995.51996
2094331647,3,995.54
2094331747,3,995.6
2094331847,3,995.56995
2094331947,3,995.57996
2094332047,3,995.54
2094332147,3,995.56
2094332247,3,995.49
2094332347,3,995.48
2094332447,3,995.5
2094332547,3,995.5
2094332647,3,995.52997
2094332747,3,995.58997
2094332847,3,995.55
2094332947,3,995.57996
2094333047,3,995.6
2094333147,3,995.56995
2094333247,3,995.57996
2094333347,3,995.61
2094333447,3,995.56995
2094333547,3,995.56995
2094333647,3,995.56
2094333747,3,995.55
2094333847,3,995.54
2094333947,3,995.54
2094334047,3,995.51996
2094334147,3,995.52997
2094334247,3,995.55
2094334347,3,995.55
2094334447,3,995.56995
2094334547,3,995.55
2094334647,3,995.56
2094334747,3,995.56995
2094334847,3,995.56
2094334947,3,995.55
2094335047,3,995.56
2094335147,3,995.55
2094335247,3,995.56995
2094335347,3,995.55
2094335447,3,995.56
2094335547,3,995.54
2094335647,3,995.52997
2094335747,3,995.52997
2094335847,3,995.51996
2094335947,3,995.51996
2094336047,3,995.51996
2094336147,3,995.51996
2094336247,3,995.51996
2094336347,3,995.51996
2094336447,3,995.54
2094336547,3,995.55
2094336647,3,995.55
2094336747,3,995.56
2094336847,3,995.55
2094336947,3,995.56
2094337047,3,995.54
2094337147,3,995.51996
2094337247,3,995.51996
2094337347,3,995.52997
2094337447,3,995.52997
2094337547,3,995.51996
2094337647,3,995.52997
2094337747,3,995.52997
2094337847,3,995.51996
2094337947,3,995.51996
2094338047,3,995.51996
2094338147,3,995.50995
2094338247,3,995.50995
2094338347,3,995.52997
2094338447,3,995.52997
2094338547,3,995.54
2094338647,3,995.51996
2094338747,3,995.51996
2094338847,3,995.54
2094338947,3,995.56
2094339047,3,995.57996
2094339147,3,995.57996
2094339247,3,995.56995
2094339347,3,995.56
2094339447,3,995.55
2094339547,3,995.54
2094339647,3,995.54
2094339747,3,995.52997
2094339847,3,995.56
2094339947,3,995.58997
2094340047,3,995.58997
2094340147,3,995.56995
2094340247,3,995.56995
2094340347,3,995.56
2094340447,3,995.54
2094340547,3,995.56995
2094340647,3,995.56995
2094340747,3,995.58997
2094340847,3,995.58997
2094340947,3,995.56995
2094341047,3,995.56
2094341147,3,995.56995
2094341247,3,995.54
2094341347,3,995.51996
2094341447,3,995.51996
2094341547,3,995.54
2094341647,3,995.55
2094341747,3,995.55
2094341847,3,995.57996
2094341947,3,995.6
2094342047,3,995.55
2094342147,3,995.55
2094342247,3,995.54
2094342347,3,995.54
2094342447,3,995.56
2094342547,3,995.56995
2094342647,3,995.58997
2094342747,3,995.56
2094342847,3,995.55
2094342947,3,995.56
2094343047,3,995.57996
2094343147,3,995.56995
2094343247,3,995.56
2094343347,3,995.56
2094343447,3,995.54
2094343547,3,995.55
2094343647,3,995.54
2094343747,3,995.55
2094343847,3,995.55
2094343947,3,995.52997
2094344047,3,995.54
2094344147,3,995.55
2094344247,3,995.52997
2094344347,3,995.52997
2094344447,3,995.54
2094344547,3,995.54
2094344647,3,995.52997
2094344747,3,995.54
2094344847,3,995.52997
2094344947,3,995.51996
2094345047,3,995.51996
2094345147,3,995.51996
2094345247,3,995.51996
2094345347,3,995.52997
2094345447,3,995.52997
2094345547,3,995.52997
2094345647,3,995.52997
2094345747,3,995.52997
2094345847,3,995.51996
2094345947,3,995.52997
2094346047,3,995.52997
2094346147,3,995.55
2094346247,3,995.55
2094346347,3,995.55
2094346447,3,995.55
2094346547,3,995.52997
2094346647,3,995.52997
2094346747,3,995.51996
2094346847,3,995.51996
2094346947,3,995.51996
2094347047,3,995.55
2094347147,3,995.56
2094347247,3,995.56
2094347347,3,995.52997
2094347447,3,995.51996
2094347547,3,995.50995
2094347647,3,995.56
2094347747,3,995.52997
2094347847,3,995.58997
2094347947,3,995.61
2094348047,3,995.56995
2094348147,3,995.52997
2094348247,3,995.51996
2094348347,3,995.51996
2094348447,3,995.51996
2094348547,3,995.55
2094348647,3,995.62
2094348747,3,995.56995
2094348847,3,995.55
2094348947,3,995.54
2094349047,3,995.54
2094349147,3,995.56
2094349247,3,995.56
2094349347,3,995.6
2094349447,3,995.56995
2094349547,3,995.54
2094349647,3,995.56995
2094349747,3,995.5
2094349847,3,995.49
2094349947,3,995.5
2094350047,3,995.56
2094350147,3,995.56995
2094350247,3,995.56
2094350347,3,995.51996
2094350447,3,995.54
2094350547,3,995.55
2094350647,3,995.5
2094350747,3,995.50995
2094350847,3,995.58997
2094350947,3,995.62
2094351047,3,995.56995
2094351147,3,995.54
2094351247,3,995.51996
2094351347,3,995.55
2094351447,3,995.57996
2094351547,3,995.55
2094351647,3,995.56995
2094351747,3,995.57996
2094351847,3,995.52997
2094351947,3,995.55
2094352047,3,995.52997
2094352147,3,995.51996
2094352247,3,995.52997
2094352347,3,995.51996
2094352447,3,995.52997
2094352547,3,995.5
2094352647,3,995.47
2094352747,3,995.48
2094352847,3,995.54
2094352947,3,995.57996
2094353047,3,995.56
2094353147,3,995.55
2094353247,3,995.54
2094353347,3,995.58997
2094353447,3,995.58997
2094353547,3,995.56
2094353647,3,995.52997
2094353747,3,995.55
2094353847,3,995.52997
2094353947,3,995.55
2094354047,3,995.56
2094354147,3,995.57996
2094354247,3,995.6
2094354347,3,995.57996
2094354447,3,995.54
2094354547,3,995.54
2094354647,3,995.52997
2094354747,3,995.54
2094354847,3,995.55
2094354947,3,995.54
2094355047,3,995.54
2094355147,3,995.55
2094355247,3,995.55
2094355347,3,995.52997
2094355447,3,995.56
2094355547,3,995.56995
2094355647,3,995.56
2094355747,3,995.52997
2094355847,3,995.54
2094355947,3,995.56
2094356047,3,995.54
2094356147,3,995.5
2094356247,3,995.57996
2094356347,3,995.61
2094356447,3,995.63
2094356547,3,995.62
2094356647,3,995.56995
2094356747,3,995.62
2094356847,3,995.58997
2094356947,3,995.63995
2094357047,3,995.63
2094357147,3,995.67
2094357247,3,995.56995
2094357347,3,995.61
2094357447,3,995.55
2094357547,3,995.54
2094357647,3,995.51996
2094357747,3,995.56
2094357847,3,995.52997
2094357947,3,995.50995
2094358047,3,995.56
2094358147,3,995.58997
2094358247,3,995.61
2094358347,3,995.52997
2094358447,3,995.54
2094358547,3,995.61
2094358647,3,995.6
2094358747,3,995.54
2094358847,3,995.55
2094358947,3,995.55
2094359047,3,995.5
2094359147,3,995.50995
2094359247,3,995.49
2094359347,3,995.52997
2094359447,3,995.51996
2094359547,3,995.50995
2094359647,3,995.51996
2094359747,3,995.50995
2094359847,3,995.5
2094359947,3,995.50995
2094360047,3,995.51996
2094360147,3,995.5
2094360247,3,995.5
2094360347,3,995.51996
2094360447,3,995.51996
2094360547,3,995.52997
2094360647,3,995.50995
2094360747,3,995.50995
2094360847,3,995.56
2094360947,3,995.56
2094361047,3,995.58997
2094361147,3,995.56995
2094361247,3,995.63
2094361347,3,995.62
2094361447,3,995.56
2094361547,3,995.51996
2094361647,3,995.52997
2094361747,3,995.49
2094361847,3,995.47
2094361947,3,995.49
2094362047,3,995.51996
2094362147,3,995.52997
2094362247,3,995.57996
2094362347,3,995.56
2094362447,3,995.51996
2094362547,3,995.50995
2094362647,3,995.52997
2094362747,3,995.55
2094362847,3,995.55
2094362947,3,995.56
2094363047,3,995.62
2094363147,3,995.56
2094363247,3,995.52997
2094363347,3,995.58997
2094363447,3,995.63
2094363547,3,995.6
2094363647,3,995.52997
2094363747,3,995.5
2094363847,3,995.50995
2094363947,3,995.50995
2094364047,3,995.43
2094364147,3,995.44
2094364247,3,995.5
2094364347,3,995.55
2094364447,3,995.54
2094364547,3,995.56
2094364647,3,995.55
2094364747,3,995.51996
2094364847,3,995.55
2094364947,3,995.5
2094365047,3,995.49
2094365147,3,995.50995
2094365247,3,995.54
2094365347,3,995.52997
2094365447,3,995.54
2094365547,3,995.55
2094365647,3,995.56995
2094365747,3,995.56
2094365847,3,995.50995
2094365947,3,995.50995
2094366047,3,995.52997
2094366147,3,995.54
2094366247,3,995.55
2094366347,3,995.55
2094366447,3,995.55
2094366547,3,995.51996
2094366647,3,995.50995
2094366747,3,995.5
2094366847,3,995.55
2094366947,3,995.45996
2094367047,3,995.51996
2094367147,3,995.55
2094367247,3,995.55
2094367347,3,995.56995
2094367447,3,995.54
2094367547,3,995.51996
2094367647,3,995.5
2094367747,3,995.52997
2094367847,3,995.58997
2094367947,3,995.54
2094368047,3,995.5
2094368147,3,995.51996
2094368247,3,995.49
2094368347,3,995.45996
2094368447,3,995.48
2094368547,3,995.50995
2094368647,3,995.54
2094368747,3,995.50995
2094368847,3,995.50995
2094368947,3,995.50995
2094369047,3,995.50995
2094369147,3,995.5
2094369247,3,995.5
2094369347,3,995.50995
2094369447,3,995.55
2094369547,3,995.56
2094369647,3,995.49
2094369747,3,995.48
2094369847,3,995.47
2094369947,3,995.50995
2094370047,3,995.50995
2094370147,3,995.51996
2094370247,3,995.54
2094370347,3,995.49
2094370447,3,995.56995
2094370547,3,995.54
2094370647,3,995.49
2094370747,3,995.49
2094370847,3,995.51996
2094370947,3,995.51996
2094371047,3,995.51996
2094371147,3,995.50995
2094371247,3,995.54
2094371347,3,995.6
2094371447,3,995.50995
2094371547,3,995.5
2094371647,3,995.45996
2094371747,3,995.48
2094371847,3,995.49
2094371947,3,995.50995
2094372047,3,995.5
2094372147,3,995.52997
2094372247,3,995.56
2094372347,3,995.50995
2094372447,3,995.5
2094372547,3,995.48
2094372647,3,995.49
2094372747,3,995.49
2094372847,3,995.49
2094372947,3,995.5
2094373047,3,995.51996
2094373147,3,995.57996
2094373247,3,995.56
2094373347,3,995.50995
2094373447,3,995.49
2094373547,3,995.5
2094373647,3,995.51996
2094373747,3,995.52997
2094373847,3,995.50995
2094373947,3,995.5
2094374047,3,995.55
2094374147,3,995.56
2094374247,3,995.54
2094374347,3,995.48
2094374447,3,995.44
2094374547,3,995.48
2094374647,3,995.45996
2094374747,3,995.5
2094374847,3,995.51996
2094374947,3,995.57996
2094375047,3,995.56995
2094375147,3,995.56
2094375247,3,995.51996
2094375347,3,995.54
2094375447,3,995.51996
2094375547,3,995.55
2094375647,3,995.55
2094375747,3,995.54
2094375847,3,995.48
2094375947,3,995.52997
2094376047,3,995.48
2094376147,3,995.48
2094376247,3,995.50995
2094376347,3,995.5
2094376447,3,995.48
2094376547,3,995.5
2094376647,3,995.51996
2094376747,3,995.5
2094376847,3,995.49
2094376947,3,995.49
2094377047,3,995.5
2094377147,3,995.48
2094377247,3,995.49
2094377347,3,995.5
2094377447,3,995.52997
2094377547,3,995.51996
2094377647,3,995.57996
2094377747,3,995.5
2094377847,3,995.48
2094377947,3,995.50995
2094378047,3,995.45996
2094378147,3,995.44995
2094378247,3,995.55
2094378347,3,995.54
2094378447,3,995.50995
2094378547,3,995.51996
2094378647,3,995.5
2094378747,3,995.57996
2094378847,3,995.57996
2094378947,3,995.6
2094379047,3,995.54
2094379147,3,995.51996
2094379247,3,995.49
2094379347,3,995.5
2094379447,3,995.5
2094379547,3,995.50995
2094379647,3,995.56
2094379747,3,995.56
2094379847,3,995.58997
2094379947,3,995.5
2094380047,3,995.54
2094380147,3,995.54
2094380247,3,995.56
2094380347,3,995.56
2094380447,3,995.54
2094380547,3,995.55
2094380647,3,995.58997
2094380747,3,995.51996
2094380847,3,995.54
2094380947,3,995.5
2094381047,3,995.5
2094381147,3,995.52997
2094381247,3,995.55
2094381347,3,995.51996
2094381447,3,995.56995
2094381547,3,995.58997
2094381647,3,995.5
2094381747,3,995.5
2094381847,3,995.51996
2094381947,3,995.56
2094382047,3,995.50995
2094382147,3,995.56
2094382247,3,995.57996
2094382347,3,995.51996
2094382447,3,995.54
2094382547,3,995.5
2094382647,3,995.52997
2094382747,3,995.51996
2094382847,3,995.52997
2094382947,3,995.52997
2094383047,3,995.57996
2094383147,3,995.56995
2094383247,3,995.5
2094383347,3,995.54
2094383447,3,995.51996
2094383547,3,995.54
2094383647,3,995.51996
2094383747,3,995.56995
2094383847,3,995.56
2094383947,3,995.56
2094384047,3,995.55
2094384147,3,995.52997
2094384247,3,995.52997
2094384347,3,995.52997
2094384447,3,995.54
2094384547,3,995.47
2094384647,3,995.47
2094384747,3,995.49
2094384847,3,995.5
2094384947,3,995.49
2094385047,3,995.49
2094385147,3,995.5
2094385247,3,995.50995
2094385347,3,995.50995
2094385447,3,995.5
2094385547,3,995.51996
2094385647,3,995.51996
2094385747,3,995.54
2094385847,3,995.54
2094385947,3,995.52997
2094386047,3,995.51996
2094386147,3,995.52997
2094386247,3,995.56
2094386347,3,995.56
2094386447,3,995.56995
2094386547,3,995.57996
2094386647,3,995.56995
2094386747,3,995.51996
2094386847,3,995.56
2094386947,3,995.61
2094387047,3,995.5
2094387147,3,995.50995
2094387247,3,995.56
2094387347,3,995.56995
2094387447,3,995.56995
2094387547,3,995.51996
2094387647,3,995.52997
2094387747,3,995.55
2094387847,3,995.58997
2094387947,3,995.57996
2094388047,3,995.58997
2094388147,3,995.52997
2094388247,3,995.54
2094388347,3,995.56
2094388447,3,995.50995
2094388547,3,995.54
2094388647,3,995.54
2094388747,3,995.56
2094388847,3,995.56995
2094388947,3,995.54
2094389047,3,995.49
2094389147,3,995.49
2094389247,3,995.54
2094389347,3,995.56995
2094389447,3,995.52997
2094389547,3,995.57996
2094389647,3,995.51996
2094389747,3,995.51996
2094389847,3,995.49
2094389947,3,995.49
2094390047,3,995.49
2094390147,3,995.49
2094390247,3,995.50995
2094390347,3,995.51996
2094390447,3,995.51996
2094390547,3,995.56995
2094390647,3,995.57996
2094390747,3,995.55
2094390847,3,995.57996
2094390947,3,995.56
2094391047,3,995.57996
2094391147,3,995.57996
2094391247,3,995.56995
2094391347,3,995.56
2094391447,3,995.56
2094391547,3,995.52997
2094391647,3,995.5
2094391747,3,995.51996
2094391847,3,995.52997
2094391947,3,995.50995
2094392047,3,995.5
2094392147,3,995.48
2094392247,3,995.49
2094392347,3,995.48
2094392447,3,995.48
2094392547,3,995.48
2094392647,3,995.47
2094392747,3,995.48
2094392847,3,995.48
2094392947,3,995.48
2094393047,3,995.50995
2094393147,3,995.54
2094393247,3,995.56995
2094393347,3,995.56995
2094393447,3,995.58997
2094393547,3,995.55
2094393647,3,995.5
2094393747,3,995.48
2094393847,3,995.56
2094393947,3,995.51996
2094394047,3,995.6
2094394147,3,995.50995
2094394247,3,995.50995
2094394347,3,995.56
2094394447,3,995.48
2094394547,3,995.54
2094394647,3,995.56995
2094394747,3,995.52997
2094394847,3,995.54
2094394947,3,995.54
2094395047,3,995.56995
2094395147,3,995.54
2094395247,3,995.52997
2094395347,3,995.57996
2094395447,3,995.56
2094395547,3,995.57996
2094395647,3,995.58997
2094395747,3,995.63
2094395847,3,995.55
2094395947,3,995.56
2094396047,3,995.49
2094396147,3,995.54
2094396247,3,995.50995
2094396347,3,995.55
2094396447,3,995.56
2094396547,3,995.47
2094396647,3,995.48
2094396747,3,995.52997
2094396847,3,995.48
2094396947,3,995.5
2094397047,3,995.49
2094397147,3,995.48
2094397247,3,995.51996
2094397347,3,995.47
2094397447,3,995.51996
2094397547,3,995.56
2094397647,3,995.5
2094397747,3,995.54
2094397847,3,995.51996
2094397947,3,995.50995
2094398047,3,995.54
2094398147,3,995.5
2094398247,3,995.5
2094398347,3,995.56
2094398447,3,995.56
2094398547,3,995.52997
2094398647,3,995.52997
2094398747,3,995.52997
2094398847,3,995.50995
2094398947,3,995.51996
2094399047,3,995.50995
2094399147,3,995.55
2094399247,3,995.56
2094399347,3,995.56
2094399447,3,995.55
2094399547,3,995.56995
2094399647,3,995.58997
2094399747,3,995.55
2094399847,3,995.55
2094399947,3,995.56
2094400047,3,995.56
2094400147,3,995.56995
2094400247,3,995.54
2094400347,3,995.54
2094400447,3,995.55
2094400547,3,995.56995
2094400647,3,995.52997
2094400747,3,995.51996
2094400847,3,995.51996
2094400947,3,995.52997
2094401047,3,995.51996
2094401147,3,995.55
2094401247,3,995.51996
2094401347,3,995.54
2094401447,3,995.61
2094401547,3,995.51996
2094401647,3,995.58997
2094401747,3,995.5
2094401847,3,995.56
2094401947,3,995.51996
2094402047,3,995.54
2094402147,3,995.56995
2094402247,3,995.58997
2094402347,3,995.56
2094402447,3,995.54
2094402547,3,995.50995
2094402647,3,995.48
2094402747,3,995.52997
2094402847,3,995.54
2094402947,3,995.56
2094403047,3,995.54
2094403147,3,995.54
2094403247,3,995.50995
2094403347,3,995.52997
2094403447,3,995.51996
2094403547,3,995.55
2094403647,3,995.51996
2094403747,3,995.6
2094403847,3,995.52997
2094403947,3,995.55
2094404047,3,995.55
2094404147,3,995.56995
2094404247,3,995.52997
2094404347,3,995.54
2094404447,3,995.56
2094404547,3,995.54
2094404647,3,995.48
2094404747,3,995.56
2094404847,3,995.57996
2094404947,3,995.58997
2094405047,3,995.58997
2094405147,3,995.51996
2094405247,3,995.56995
2094405347,3,995.56
2094405447,3,995.48
2094405547,3,995.54
2094405647,3,995.54
2094405747,3,995.56
2094405847,3,995.58997
2094405947,3,995.6
2094406047,3,995.56995
2094406147,3,995.61
2094406247,3,995.68
2094406347,3,995.66
2094406447,3,995.66
2094406547,3,995.68
2094406647,3,995.63
2094406747,3,995.75
2094406847,3,995.66
2094406947,3,995.6
2094407047,3,995.5
2094407147,3,995.47
2094407247,3,995.44
2094407347,3,995.44995
2094407447,3,995.48
2094407547,3,995.5
2094407647,3,995.56
2094407747,3,995.54
2094407847,3,995.58997
2094407947,3,995.54
2094408047,3,995.54
2094408147,3,995.50995
2094408247,3,995.49
2094408347,3,995.47
2094408447,3,995.47
2094408547,3,995.54
2094408647,3,995.50995
2094408747,3,995.51996
2094408847,3,995.47
2094408947,3,995.47
2094409047,3,995.5
2094409147,3,995.5
2094409247,3,995.5
2094409347,3,995.49
2094409447,3,995.5
2094409547,3,995.5
2094409647,3,995.49
2094409747,3,995.5
2094409847,3,995.50995
2094409947,3,995.5
2094410047,3,995.5
2094410147,3,995.50995
2094410247,3,995.5
2094410347,3,995.5
2094410447,3,995.49
2094410547,3,995.50995
2094410647,3,995.5
2094410747,3,995.48
2094410847,3,995.55
2094410947,3,995.58997
2094411047,3,995.61
2094411147,3,995.63995
2094411247,3,995.56995
2094411347,3,995.67
2094411447,3,995.64996
2094411547,3,995.63
2094411647,3,995.6
2094411747,3,995.48
2094411847,3,995.50995
2094411947,3,995.52997
2094412047,3,995.51996
2094412147,3,995.50995
2094412247,3,995.61
2094412347,3,995.55
2094412447,3,995.61
2094412547,3,995.54
2094412647,3,995.50995
2094412747,3,995.5
2094412847,3,995.50995
2094412947,3,995.5
2094413047,3,995.52997
2094413147,3,995.51996
2094413247,3,995.50995
2094413347,3,995.52997
2094413447,3,995.54
2094413547,3,995.52997
2094413647,3,995.5
2094413747,3,995.58997
2094413847,3,995.64996
2094413947,3,995.54
2094414047,3,995.52997
2094414147,3,995.51996
2094414247,3,995.52997
2094414347,3,995.50995
2094414447,3,995.52997
2094414547,3,995.56
2094414647,3,995.52997
2094414747,3,995.55
2094414847,3,995.52997
2094414947,3,995.49
2094415047,3,995.49
2094415147,3,995.44995
2094415247,3,995.55
2094415347,3,995.55
2094415447,3,995.54
2094415547,3,995.56995
2094415647,3,995.54
2094415747,3,995.52997
2094415847,3,995.56995
2094415947,3,995.47
2094416047,3,995.52997
2094416147,3,995.52997
2094416247,3,995.6
2094416347,3,995.61
2094416447,3,995.57996
2094416547,3,995.56995
2094416647,3,995.56
2094416747,3,995.5
2094416847,3,995.45996
2094416947,3,995.5
2094417047,3,995.5
2094417147,3,995.63
2094417247,3,995.58997
2094417347,3,995.64996
2094417447,3,995.64996
2094417547,3,995.67
2094417647,3,995.61
2094417747,3,995.67
2094417847,3,995.6
2094417947,3,995.62
2094418047,3,995.62
2094418147,3,995.52997
2094418247,3,995.50995
2094418347,3,995.62
2094418447,3,995.51996
2094418547,3,995.44995
2094418647,3,995.45996
2094418747,3,995.67
2094418847,3,995.89996
2094418947,3,995.42
2094419047,3,995.47
2094419147,3,995.64996
2094419247,3,995.69
2094419347,3,995.70996
2094419447,3,995.77997
2094419547,3,995.79
2094419647,3,995.67
2094419747,3,995.63
2094419847,3,995.52997
2094419947,3,995.51996
2094420047,3,995.55
2094420147,3,995.5
2094420247,3,995.49
2094420347,3,995.48
2094420447,3,995.48
2094420547,3,995.51996
2094420647,3,995.43
2094420747,3,995.42
2094420847,3,995.42
2094420947,3,995.42
2094421047,3,995.42
2094421147,3,995.43
2094421247,3,995.43
2094421347,3,995.43
2094421447,3,995.43
2094421547,3,995.43
2094421647,3,995.43
2094421747,3,995.43
2094421847,3,995.43
2094421947,3,995.43
2094422047,3,995.44
2094422147,3,995.44
2094422247,3,995.44
2094422347,3,995.44
2094422447,3,995.44995
2094422547,3,995.44995
2094422647,3,995.44995
2094422747,3,995.44995
2094422847,3,995.45996
2094422947,3,995.44995
2094423047,3,995.45996
2094423147,3,995.45996
2094423247,3,995.45996
2094423347,3,995.47
2094423447,3,995.47
2094423547,3,995.47
2094423647,3,995.47
2094423747,3,995.47
2094423847,3,995.47
2094423947,3,995.48
2094424047,3,995.5
2094424147,3,995.52997
2094424247,3,995.54
2094424347,3,995.52997
2094424447,3,995.50995
2094424547,3,995.51996
2094424647,3,995.51996
2094424747,3,995.5
2094424847,3,995.5
2094424947,3,995.5
2094425047,3,995.48
2094425147,3,995.49
2094425247,3,995.48
2094425347,3,995.48
2094425447,3,995.48
2094425547,3,995.49
2094425647,3,995.49
2094425747,3,995.5
2094425847,3,995.5
2094425947,3,995.5
2094426047,3,995.5
2094426147,3,995.5
2094426247,3,995.5
2094426347,3,995.49
2094426447,3,995.49
2094426547,3,995.49
2094426647,3,995.48
2094426747,3,995.49
2094426847,3,995.56995
2094426947,3,995.69995
2094427047,3,995.69995
2094427147,3,995.67
2094427247,3,995.51996
2094427347,3,995.54
2094427447,3,995.47
2094427547,3,995.45996
2094427647,3,995.45996
2094427747,3,995.48
2094427847,3,995.48
2094427947,3,995.47
2094428047,3,995.45996
2094428147,3,995.43
2094428247,3,995.44
2094428347,3,995.47
2094428447,3,995.45996
2094428547,3,995.45996
2094428647,3,995.47
2094428747,3,995.47
2094428847,3,995.45996
2094428947,3,995.49
2094429047,3,995.50995
2094429147,3,995.47
2094429247,3,995.47
2094429347,3,995.48
2094429447,3,995.48
2094429547,3,995.48
2094429647,3,995.50995
2094429747,3,995.5
2094429847,3,995.49
2094429947,3,995.49
2094430047,3,995.50995
2094430147,3,995.48
2094430247,3,995.5
2094430347,3,995.52997
2094430447,3,995.49
2094430547,3,995.52997
2094430647,3,995.47
2094430747,3,995.45996
2094430847,3,995.49
2094430947,3,995.49
2094431047,3,995.52997
2094431147,3,995.51996
2094431247,3,995.56
2094431347,3,995.5
2094431447,3,995.47
2094431547,3,995.45996
2094431647,3,995.48
2094431747,3,995.49
2094431847,3,995.55
2094431947,3,995.56
2094432047,3,995.51996
2094432147,3,995.45996
2094432247,3,995.44
2094432347,3,995.50995
2094432447,3,995.52997
2094432547,3,995.54
2094432647,3,995.58997
2094432747,3,995.6
2094432847,3,995.48
2094432947,3,995.45996
2094433047,3,995.47
2094433147,3,995.56
2094433247,3,995.56
2094433347,3,995.63995
2094433447,3,995.64996
2094433547,3,995.66
2094433647,3,995.63
2094433747,3,995.52997
2094433847,3,995.51996
2094433947,3,995.56995
2094434047,3,995.6
2094434147,3,995.54
2094434247,3,995.52997
2094434347,3,995.51996
2094434447,3,995.56995
2094434547,3,995.57996
2094434647,3,995.50995
2094434747,3,995.52997
2094434847,3,995.5
2094434947,3,995.5
2094435047,3,995.50995
2094435147,3,995.50995
2094435247,3,995.54
2094435347,3,995.6
2094435447,3,995.58997
2094435547,3,995.56
2094435647,3,995.56995
2094435747,3,995.51996
2094435847,3,995.5
2094435947,3,995.5
2094436047,3,995.5
2094436147,3,995.52997
2094436247,3,995.52997
2094436347,3,995.54
2094436447,3,995.52997
2094436547,3,995.56
2094436647,3,995.55
2094436747,3,995.52997
2094436847,3,995.49
2094436947,3,995.49
2094437047,3,995.5
2094437147,3,995.50995
2094437247,3,995.50995
2094437347,3,995.52997
2094437447,3,995.50995
2094437547,3,995.5
2094437647,3,995.50995
2094437747,3,995.56
2094437847,3,995.56995
2094437947,3,995.56
2094438047,3,995.55
2094438147,3,995.56
2094438247,3,995.56
2094438347,3,995.54
2094438447,3,995.50995
2094438547,3,995.5
2094438647,3,995.5
2094438747,3,995.5
2094438847,3,995.5
2094438947,3,995.5
2094439047,3,995.5
2094439147,3,995.50995
2094439247,3,995.52997
2094439347,3,995.52997
2094439447,3,995.51996
2094439547,3,995.50995
2094439647,3,995.50995
2094439747,3,995.5
2094439847,3,995.50995
2094439947,3,995.50995
2094440047,3,995.50995
2094440147,3,995.5
2094440247,3,995.51996
2094440347,3,995.51996
2094440447,3,995.51996
2094440547,3,995.51996
2094440647,3,995.51996
2094440747,3,995.50995
2094440847,3,995.50995
2094440947,3,995.50995
2094441047,3,995.50995
2094441147,3,995.51996
2094441247,3,995.51996
2094441347,3,995.51996
2094441447,3,995.51996
2094441547,3,995.52997
2094441647,3,995.51996
2094441747,3,995.52997
2094441847,3,995.51996
2094441947,3,995.52997
2094442047,3,995.51996
2094442147,3,995.52997
2094442247,3,995.52997
2094442347,3,995.52997
2094442447,3,995.52997
2094442547,3,995.51996
2094442647,3,995.52997
2094442747,3,995.52997
2094442847,3,995.52997
2094442947,3,995.51996
2094443047,3,995.52997
2094443147,3,995.52997
2094443247,3,995.52997
2094443347,3,995.52997
2094443447,3,995.51996
2094443547,3,995.51996
2094443647,3,995.52997
2094443747,3,995.52997
2094443847,3,995.52997
2094443947,3,995.52997
2094444047,3,995.51996
2094444147,3,995.52997
2094444247,3,995.51996
2094444347,3,995.51996
2094444447,3,995.51996
2094444547,3,995.52997
2094444647,3,995.52997
2094444747,3,995.52997
2094444847,3,995.54
2094444947,3,995.52997
2094445047,3,995.54
2094445147,3,995.54
2094445247,3,995.54
2094445347,3,995.54
2094445447,3,995.52997
2094445547,3,995.52997
2094445647,3,995.52997
2094445747,3,995.52997
2094445847,3,995.52997
2094445947,3,995.54
2094446047,3,995.54
2094446147,3,995.54
2094446247,3,995.52997
2094446347,3,995.54
2094446447,3,995.54
2094446547,3,995.52997
2094446647,3,995.54
2094446747,3,995.52997
2094446847,3,995.52997
2094446947,3,995.52997
2094447047,3,995.52997
2094447147,3,995.52997
2094447247,3,995.52997
2094447347,3,995.52997
2094447447,3,995.52997
2094447547,3,995.54
2094447647,3,995.54
2094447747,3,995.54
2094447847,3,995.54
2094447947,3,995.54
2094448047,3,995.52997
2094448147,3,995.54
2094448247,3,995.54
2094448347,3,995.54
2094448447,3,995.54
2094448547,3,995.52997
2094448647,3,995.54
2094448747,3,995.54
2094448847,3,995.54
2094448947,3,995.54
2094449047,3,995.55
2094449147,3,995.55
2094449247,3,995.54
2094449347,3,995.54
2094449447,3,995.54
2094449547,3,995.54
2094449647,3,995.54
2094449747,3,995.54
2094449847,3,995.54
2094449947,3,995.55
2094450047,3,995.54
2094450147,3,995.55
2094450247,3,995.54
2094450347,3,995.54
2094450447,3,995.54
2094450547,3,995.55
2094450647,3,995.55
2094450747,3,995.54
2094450847,3,995.55
2094450947,3,995.54
2094451047,3,995.54
2094451147,3,995.54
2094451247,3,995.54
2094451347,3,995.54
2094451447,3,995.54
2094451547,3,995.54
2094451647,3,995.54
2094451747,3,995.54
2094451847,3,995.54
2094451947,3,995.55
2094452047,3,995.54
2094452147,3,995.54
2094452247,3,995.54
2094452347,3,995.54
2094452447,3,995.54
2094452547,3,995.54
2094452647,3,995.54
2094452747,3,995.54
2094452847,3,995.54
2094452947,3,995.54
2094453047,3,995.54
2094453147,3,995.54
2094453247,3,995.54
2094453347,3,995.54
2094453447,3,995.54
2094453547,3,995.52997
2094453647,3,995.54
2094453747,3,995.54
2094453847,3,995.54
2094453947,3,995.54
2094454047,3,995.54
2094454147,3,995.54
2094454247,3,995.54
2094454347,3,995.54
2094454447,3,995.54
2094454547,3,995.52997
2094454647,3,995.54
2094454747,3,995.54
2094454847,3,995.54
2094454947,3,995.54
2094455047,3,995.54
2094455147,3,995.52997
2094455247,3,995.52997
2094455347,3,995.52997
2094455447,3,995.52997
2094455547,3,995.54
2094455647,3,995.55
2094455747,3,995.56
2094455847,3,995.58997
2094455947,3,995.58997
2094456047,3,995.56
2094456147,3,995.55
2094456247,3,995.54
2094456347,3,995.55
2094456447,3,995.54
2094456547,3,995.52997
2094456647,3,995.49
2094456747,3,995.5
2094456847,3,995.5
2094456947,3,995.5
2094457047,3,995.50995
2094457147,3,995.52997
2094457247,3,995.51996
2094457347,3,995.55
2094457447,3,995.55
2094457547,3,995.51996
2094457647,3,995.50995
2094457747,3,995.5
2094457847,3,995.51996
2094457947,3,995.51996
2094458047,3,995.51996
2094458147,3,995.50995
2094458247,3,995.52997
2094458347,3,995.52997
2094458447,3,995.54
2094458547,3,995.51996
2094458647,3,995.50995
2094458747,3,995.50995
2094458847,3,995.52997
2094458947,3,995.51996
2094459047,3,995.54
2094459147,3,995.54
2094459247,3,995.55
2094459347,3,995.52997
2094459447,3,995.54
2094459547,3,995.55
2094459647,3,995.56
2094459747,3,995.56995
2094459847,3,995.56995
2094459947,3,995.57996
2094460047,3,995.51996
2094460147,3,995.54
2094460247,3,995.54
2094460347,3,995.55
2094460447,3,995.57996
2094460547,3,995.57996
2094460647,3,995.52997
2094460747,3,995.51996
2094460847,3,995.52997
2094460947,3,995.52997
2094461047,3,995.56
2094461147,3,995.55
2094461247,3,995.56
2094461347,3,995.56
2094461447,3,995.51996
2094461547,3,995.52997
2094461647,3,995.52997
2094461747,3,995.51996
2094461847,3,995.51996
2094461947,3,995.51996
2094462047,3,995.51996
2094462147,3,995.50995
2094462247,3,995.51996
2094462347,3,995.51996
2094462447,3,995.51996
2094462547,3,995.51996
2094462647,3,995.54
2094462747,3,995.52997
2094462847,3,995.56
2094462947,3,995.6
2094463047,3,995.61
2094463147,3,995.68
2094463247,3,995.72
2094463347,3,995.75995
2094463447,3,995.69995
2094463547,3,995.75995
2094463647,3,995.55
2094463747,3,995.51996
2094463847,3,995.50995
2094463947,3,995.43
2094464047,3,995.43
2094464147,3,995.47
2094464247,3,995.44
2094464347,3,995.44
2094464447,3,995.49
2094464547,3,995.48
2094464647,3,995.5
2094464747,3,995.47
2094464847,3,995.6
2094464947,3,995.73
2094465047,3,995.56
2094465147,3,995.55
2094465247,3,995.56995
2094465347,3,995.66
2094465447,3,995.61
2094465547,3,995.58997
2094465647,3,995.6
2094465747,3,995.54
2094465847,3,995.56
2094465947,3,995.56995
2094466047,3,995.56995
2094466147,3,995.56
2094466247,3,995.56995
2094466347,3,995.55
2094466447,3,995.55
2094466547,3,995.56
2094466647,3,995.51996
2094466747,3,995.56995
2094466847,3,995.51996
2094466947,3,995.52997
2094467047,3,995.56995
2094467147,3,995.57996
2094467247,3,995.56995
2094467347,3,995.56
2094467447,3,995.56995
2094467547,3,995.56
2094467647,3,995.56995
2094467747,3,995.56995
2094467847,3,995.73
2094467947,3,995.75995
2094468047,3,995.73
2094468147,3,995.69
2094468247,3,995.61
2094468347,3,995.68
2094468447,3,995.69
2094468547,3,995.67
2094468647,3,995.69
2094468747,3,995.72
2094468847,3,995.66
2094468947,3,995.68
2094469047,3,995.6
2094469147,3,995.58997
2094469247,3,995.57996
2094469347,3,995.57996
2094469447,3,995.62
2094469547,3,995.68
2094469647,3,995.68
2094469747,3,995.86
2094469847,3,995.81995
2094469947,3,995.81
2094470047,3,995.69
2094470147,3,995.67
2094470247,3,995.73
2094470347,3,995.63
2094470447,3,995.63
