spl07,goermicro,2026-06-10_23-21-52.699_Active 10 Pro
imuTimestamp,accuracy(more=better),pressure[millibar]
2013444503,3,994.67
2013444603,3,994.67
2013444703,3,994.67
2013444803,3,994.68
2013444903,3,994.68
2013445003,3,994.69
2013445103,3,994.69
2013445203,3,994.69
2013445303,3,994.69
2013445403,3,994.69
2013445503,3,994.68
2013445603,3,994.62
2013445703,3,994.75
2013445803,3,995.00995
2013445903,3,994.94995
2013446003,3,994.86
2013446103,3,994.67
2013446203,3,994.61
2013446303,3,994.62
2013446403,3,994.98
2013446503,3,995.06
2013446603,3,995.0
2013446703,3,994.97
2013446803,3,994.8
2013446903,3,994.66
2013447003,3,994.63
2013447103,3,994.69995
2013447203,3,994.70996
2013447303,3,994.94
2013447403,3,994.83997
2013447503,3,994.74
2013447603,3,994.75
2013447703,3,994.75995
2013447803,3,994.75995
2013447903,3,994.79
2013448003,3,994.83997
2013448103,3,995.08997
2013448203,3,995.01996
2013448303,3,994.81995
2013448403,3,994.81995
2013448503,3,994.85
2013448603,3,994.85
2013448703,3,994.91
2013448803,3,995.00995
2013448903,3,994.94995
2013449003,3,994.70996
2013449103,3,994.76996
2013449203,3,994.81
2013449303,3,994.81
2013449403,3,994.8
2013449503,3,994.92
2013449603,3,995.08997
2013449703,3,994.88995
2013449803,3,994.76996
2013449903,3,994.77997
2013450003,3,994.76996
2013450103,3,994.8
2013450203,3,994.81995
2013450303,3,995.1
2013450403,3,994.94995
2013450503,3,994.70996
2013450603,3,994.64996
2013450703,3,994.72
2013450803,3,994.81995
2013450903,3,994.79
2013451003,3,995.04
2013451103,3,994.97
2013451203,3,994.73
2013451303,3,994.76996
2013451403,3,994.75995
2013451503,3,994.74
2013451603,3,994.75995
2013451703,3,994.95996
2013451803,3,994.81995
2013451903,3,994.63995
2013452003,3,994.63995
2013452103,3,994.74
2013452203,3,994.81995
2013452303,3,994.81
2013452403,3,994.85
2013452503,3,995.04
2013452603,3,994.82996
2013452703,3,994.76996
2013452803,3,994.75
2013452903,3,994.76996
2013453003,3,994.8
2013453103,3,994.83997
2013453203,3,994.98
2013453303,3,994.85
2013453403,3,994.68
2013453503,3,994.69995
2013453603,3,994.75995
2013453703,3,994.79
2013453803,3,994.83997
2013453903,3,995.06
2013454003,3,994.81
2013454103,3,994.8
2013454203,3,994.77997
2013454303,3,994.79
2013454403,3,994.81
2013454503,3,994.98
2013454603,3,995.06995
2013454703,3,994.79
2013454803,3,994.73
2013454903,3,994.73
2013455003,3,994.85
2013455103,3,994.86
2013455203,3,994.82996
2013455303,3,995.06995
2013455403,3,994.85
2013455503,3,994.79
2013455603,3,994.8
2013455703,3,994.82996
2013455803,3,994.77997
2013455903,3,994.86
2013456003,3,995.00995
2013456103,3,994.81995
2013456203,3,994.72
2013456303,3,994.69995
2013456403,3,994.76996
2013456503,3,994.81
2013456603,3,994.93
2013456703,3,995.04
2013456803,3,994.89996
2013456903,3,994.75995
2013457003,3,994.75
2013457103,3,994.76996
2013457203,3,994.81
2013457303,3,994.86
2013457403,3,995.02997
2013457503,3,994.86
2013457603,3,994.69
2013457703,3,994.73
2013457803,3,994.73
2013457903,3,994.88
2013458003,3,994.88995
2013458103,3,995.07996
2013458203,3,994.99
2013458303,3,994.8
2013458403,3,994.70996
2013458503,3,994.72
2013458603,3,994.86
2013458703,3,994.95996
2013458803,3,995.0
2013458903,3,994.74
2013459003,3,994.72
2013459103,3,994.8
2013459203,3,994.8
2013459303,3,994.88
2013459403,3,995.02997
2013459503,3,995.11
2013459603,3,994.81995
2013459703,3,994.79
2013459803,3,994.81995
2013459903,3,994.81995
2013460003,3,994.87
2013460103,3,995.11
2013460203,3,995.08997
2013460303,3,994.73
2013460403,3,994.68
2013460503,3,994.73
2013460603,3,994.85
2013460703,3,994.83997
2013460803,3,994.97
2013460903,3,995.06995
2013461003,3,994.85
2013461103,3,994.8
2013461203,3,994.82996
2013461303,3,994.81995
2013461403,3,994.81995
2013461503,3,995.06
2013461603,3,994.88
2013461703,3,994.72
2013461803,3,994.69995
2013461903,3,994.74
2013462003,3,994.79
2013462103,3,994.81995
2013462203,3,994.91
2013462303,3,995.05
2013462403,3,994.85
2013462503,3,994.77997
2013462603,3,994.75995
2013462703,3,994.79
2013462803,3,994.83997
2013462903,3,994.88
2013463003,3,994.95996
2013463103,3,994.81
2013463203,3,994.72
2013463303,3,994.74
2013463403,3,994.8
2013463503,3,994.85
2013463603,3,994.92
2013463703,3,995.08997
2013463803,3,994.81
2013463903,3,994.79
2013464003,3,994.8
2013464103,3,994.83997
2013464203,3,994.87
2013464303,3,995.11
2013464403,3,994.98
2013464503,3,994.74
2013464603,3,994.70996
2013464703,3,994.81995
2013464803,3,994.85
2013464903,3,994.83997
2013465003,3,995.08997
2013465103,3,995.14996
2013465203,3,994.77997
2013465303,3,994.81995
2013465403,3,994.77997
2013465503,3,994.81
2013465603,3,994.88995
2013465703,3,995.06
2013465803,3,995.02997
2013465903,3,994.70996
2013466003,3,994.73
2013466103,3,994.77997
2013466203,3,994.86
2013466303,3,994.91
2013466403,3,995.05
2013466503,3,994.87
2013466603,3,994.76996
2013466703,3,994.81995
2013466803,3,994.82996
2013466903,3,994.81
2013467003,3,994.95996
2013467103,3,995.11
2013467203,3,994.79
2013467303,3,994.73
2013467403,3,994.73
2013467503,3,994.8
2013467603,3,994.92
2013467703,3,994.99
2013467803,3,995.07996
2013467903,3,994.89996
2013468003,3,994.72
2013468103,3,994.77997
2013468203,3,994.86
2013468303,3,994.91
2013468403,3,994.97
2013468503,3,995.05
2013468603,3,994.85
2013468703,3,994.63
2013468803,3,994.62
2013468903,3,994.81
2013469003,3,994.89996
2013469103,3,995.0
2013469203,3,995.05
2013469303,3,994.94
2013469403,3,994.77997
2013469503,3,994.75
2013469603,3,994.75995
2013469703,3,994.91
2013469803,3,994.98
2013469903,3,994.94
2013470003,3,994.76996
2013470103,3,994.69
2013470203,3,994.70996
2013470303,3,994.76996
2013470403,3,994.86
2013470503,3,994.88995
2013470603,3,995.01996
2013470703,3,994.79
2013470803,3,994.8
2013470903,3,994.75
2013471003,3,994.75995
2013471103,3,994.93
2013471203,3,995.01996
2013471303,3,994.93
2013471403,3,994.72
2013471503,3,994.70996
2013471603,3,994.75995
2013471703,3,994.79
2013471803,3,994.94
2013471903,3,995.07996
2013472003,3,995.0
2013472103,3,994.74
2013472203,3,994.81995
2013472303,3,994.83997
2013472403,3,994.85
2013472503,3,994.94
2013472603,3,995.06995
2013472703,3,994.91
2013472803,3,994.76996
2013472903,3,994.75995
2013473003,3,994.81
2013473103,3,994.93
2013473203,3,995.0
2013473303,3,995.11
2013473403,3,994.92
2013473503,3,994.81
2013473603,3,994.81
2013473703,3,994.81995
2013473803,3,994.93
2013473903,3,994.94995
2013474003,3,995.01996
2013474103,3,994.83997
2013474203,3,994.73
2013474303,3,994.81
2013474403,3,994.86
2013474503,3,994.82996
2013474603,3,994.97
2013474703,3,995.11
2013474803,3,994.94
2013474903,3,994.83997
2013475003,3,994.81995
2013475103,3,994.8
2013475203,3,994.87
2013475303,3,994.94
2013475403,3,995.0
2013475503,3,994.91
2013475603,3,994.75
2013475703,3,994.69995
2013475803,3,994.82996
2013475903,3,994.88
2013476003,3,994.92
2013476103,3,995.02997
2013476203,3,995.00995
2013476303,3,994.82996
2013476403,3,994.83997
2013476503,3,994.77997
2013476603,3,994.83997
2013476703,3,994.89996
2013476803,3,995.00995
2013476903,3,994.95996
2013477003,3,994.73
2013477103,3,994.74
2013477203,3,994.87
2013477303,3,994.86
2013477403,3,994.88995
2013477503,3,995.06995
2013477603,3,995.11
2013477703,3,994.81
2013477803,3,994.8
2013477903,3,994.86
2013478003,3,994.88
2013478103,3,994.89996
2013478203,3,995.0
2013478303,3,995.08997
2013478403,3,994.81995
2013478503,3,994.75
2013478603,3,994.79
2013478703,3,994.85
2013478803,3,994.87
2013478903,3,994.94995
2013479003,3,995.04
2013479103,3,994.97
2013479203,3,994.81
2013479303,3,994.81995
2013479403,3,994.86
2013479503,3,994.89996
2013479603,3,994.94
2013479703,3,995.02997
2013479803,3,994.97
2013479903,3,994.76996
2013480003,3,994.70996
2013480103,3,994.8
2013480203,3,994.87
2013480303,3,994.89996
2013480403,3,995.08997
2013480503,3,995.12
2013480603,3,994.86
2013480703,3,994.79
2013480803,3,994.83997
2013480903,3,994.81995
2013481003,3,994.87
2013481103,3,994.99
2013481203,3,995.04
2013481303,3,994.88995
2013481403,3,994.72
2013481503,3,994.69995
2013481603,3,994.76996
2013481703,3,994.92
2013481803,3,994.91
2013481903,3,995.05
2013482003,3,995.0
2013482103,3,994.81995
2013482203,3,994.79
2013482303,3,994.85
2013482403,3,994.88
2013482503,3,994.92
2013482603,3,994.99
2013482703,3,994.95996
2013482803,3,994.82996
2013482903,3,994.63995
2013483003,3,994.79
2013483103,3,994.77997
2013483203,3,994.8
2013483303,3,994.97
2013483403,3,995.0
2013483503,3,994.88
2013483603,3,994.72
2013483703,3,994.75995
2013483803,3,994.88995
2013483903,3,994.88
2013484003,3,994.92
2013484103,3,995.05
2013484203,3,995.01996
2013484303,3,994.63
2013484403,3,994.62
2013484503,3,994.79
2013484603,3,994.81
2013484703,3,994.86
2013484803,3,995.07996
2013484903,3,995.05
2013485003,3,994.73
2013485103,3,994.75995
2013485203,3,994.79
2013485303,3,994.92
2013485403,3,994.88995
2013485503,3,995.0
2013485603,3,994.92
2013485703,3,994.8
2013485803,3,994.66
2013485903,3,994.66
2013486003,3,994.81
2013486103,3,994.88
2013486203,3,994.94
2013486303,3,995.1
2013486403,3,994.92
2013486503,3,994.74
2013486603,3,994.81
2013486703,3,994.82996
2013486803,3,994.86
2013486903,3,994.94
2013487003,3,995.07996
2013487103,3,994.98
2013487203,3,994.69995
2013487303,3,994.70996
2013487403,3,994.77997
2013487503,3,994.92
2013487603,3,994.92
2013487703,3,995.06995
2013487803,3,994.88
2013487903,3,994.77997
2013488003,3,994.79
2013488103,3,994.75995
2013488203,3,994.89996
2013488303,3,994.92
2013488403,3,994.97
2013488503,3,994.93
2013488603,3,994.79
2013488703,3,994.61
2013488803,3,994.79
2013488903,3,994.81
2013489003,3,994.81995
2013489103,3,994.91
2013489203,3,995.13
2013489303,3,994.95996
2013489403,3,994.77997
2013489503,3,994.86
2013489603,3,994.81995
2013489703,3,994.91
2013489803,3,994.95996
2013489903,3,994.99
2013490003,3,994.89996
2013490103,3,994.76996
2013490203,3,994.74
2013490303,3,994.8
2013490403,3,994.81
2013490503,3,994.81
2013490603,3,994.85
2013490703,3,995.02997
2013490803,3,994.93
2013490903,3,994.75995
2013491003,3,994.79
2013491103,3,994.76996
2013491203,3,994.88
2013491303,3,994.87
2013491403,3,994.88995
2013491503,3,994.93
2013491603,3,994.79
2013491703,3,994.66
2013491803,3,994.63
2013491903,3,994.81
2013492003,3,994.86
2013492103,3,994.82996
2013492203,3,995.14996
2013492303,3,994.95996
2013492403,3,994.75
2013492503,3,994.74
2013492603,3,994.83997
2013492703,3,994.83997
2013492803,3,994.86
2013492903,3,994.92
2013493003,3,995.01996
2013493103,3,994.85
2013493203,3,994.63995
2013493303,3,994.63995
2013493403,3,994.81
2013493503,3,994.85
2013493603,3,994.89996
2013493703,3,995.11
2013493803,3,995.06
2013493903,3,994.75995
2013494003,3,994.70996
2013494103,3,994.76996
2013494203,3,994.82996
2013494303,3,994.83997
2013494403,3,994.92
2013494503,3,994.97
2013494603,3,994.88995
2013494703,3,994.69995
2013494803,3,994.58997
2013494903,3,994.76996
2013495003,3,994.82996
2013495103,3,994.86
2013495203,3,994.93
2013495303,3,995.07996
2013495403,3,994.74
2013495503,3,994.63995
2013495603,3,994.88995
2013495703,3,994.77997
2013495803,3,994.8
2013495903,3,994.88
2013496003,3,995.02997
2013496103,3,994.88995
2013496203,3,994.69
2013496303,3,994.58997
2013496403,3,994.73
2013496503,3,994.79
2013496603,3,994.81995
2013496703,3,994.85
2013496803,3,995.01996
2013496903,3,994.98
2013497003,3,994.68
2013497103,3,994.76996
2013497203,3,994.81995
2013497303,3,994.79
2013497403,3,994.81995
2013497503,3,994.98
2013497603,3,995.01996
2013497703,3,994.75
2013497803,3,994.55
2013497903,3,994.6
2013498003,3,994.75995
2013498103,3,994.83997
2013498203,3,994.86
2013498303,3,995.07996
2013498403,3,994.97
2013498503,3,994.69
2013498603,3,994.72
2013498703,3,994.76996
2013498803,3,994.82996
2013498903,3,994.82996
2013499003,3,994.91
2013499103,3,995.0
2013499203,3,994.82996
2013499303,3,994.6
2013499403,3,994.63
2013499503,3,994.81995
2013499603,3,994.83997
2013499703,3,994.85
2013499803,3,994.95996
2013499903,3,995.0
2013500003,3,994.83997
2013500103,3,994.72
2013500203,3,994.77997
2013500303,3,994.82996
2013500403,3,994.83997
2013500503,3,994.91
2013500603,3,994.95996
2013500703,3,994.95996
2013500803,3,994.69
2013500903,3,994.63
2013501003,3,994.75
2013501103,3,994.8
2013501203,3,994.81995
2013501303,3,994.94995
2013501403,3,995.06
2013501503,3,994.88
2013501603,3,994.75
2013501703,3,994.74
2013501803,3,994.75995
2013501903,3,994.85
2013502003,3,994.85
2013502103,3,994.86
2013502203,3,994.95996
2013502303,3,994.86
2013502403,3,994.67
2013502503,3,994.69
2013502603,3,994.77997
2013502703,3,994.85
2013502803,3,994.86
2013502903,3,995.04
2013503003,3,994.93
2013503103,3,994.79
2013503203,3,994.70996
2013503303,3,994.75
2013503403,3,994.83997
2013503503,3,994.81995
2013503603,3,994.92
2013503703,3,994.98
2013503803,3,994.89996
2013503903,3,994.66
2013504003,3,994.57996
2013504103,3,994.75995
2013504203,3,994.77997
2013504303,3,994.8
2013504403,3,995.02997
2013504503,3,995.04
2013504603,3,994.74
2013504703,3,994.68
2013504803,3,994.73
2013504903,3,994.83997
2013505003,3,994.8
2013505103,3,994.81
2013505203,3,995.01996
2013505303,3,994.93
2013505403,3,994.6
2013505503,3,994.58997
2013505603,3,994.73
2013505703,3,994.81
2013505803,3,994.82996
2013505903,3,995.11
2013506003,3,995.06
2013506103,3,994.79
2013506203,3,994.63
2013506303,3,994.67
2013506403,3,994.81995
2013506503,3,994.81
2013506603,3,994.88995
2013506703,3,994.92
2013506803,3,994.92
2013506903,3,994.64996
2013507003,3,994.63
2013507103,3,994.77997
2013507203,3,994.82996
2013507303,3,994.89996
2013507403,3,994.94995
2013507503,3,995.08997
2013507603,3,994.76996
2013507703,3,994.68
2013507803,3,994.73
2013507903,3,994.81
2013508003,3,994.81
2013508103,3,994.87
2013508203,3,994.93
2013508303,3,994.99
2013508403,3,994.6
2013508503,3,994.55
2013508603,3,994.8
2013508703,3,994.86
2013508803,3,994.81
2013508903,3,994.87
2013509003,3,995.12
2013509103,3,994.82996
2013509203,3,994.69
2013509303,3,994.82996
2013509403,3,994.92
2013509503,3,994.82996
2013509603,3,994.88
2013509703,3,994.94995
2013509803,3,994.93
2013509903,3,994.73
2013510003,3,994.56995
2013510103,3,994.75995
2013510203,3,994.81
2013510303,3,994.81995
2013510403,3,994.89996
2013510503,3,995.06
2013510603,3,994.75
2013510703,3,994.69
2013510803,3,994.73
2013510903,3,994.76996
2013511003,3,994.83997
2013511103,3,994.82996
2013511203,3,994.94995
2013511303,3,994.86
2013511403,3,994.75
2013511503,3,994.63995
2013511603,3,994.68
2013511703,3,994.68
2013511803,3,994.68
2013511903,3,994.69995
2013512003,3,994.8
2013512103,3,994.75
2013512203,3,994.67
2013512303,3,994.67
2013512403,3,994.77997
2013512503,3,994.92
2013512603,3,995.0
2013512703,3,995.06
2013512803,3,994.87
2013512903,3,994.67
2013513003,3,994.75995
2013513103,3,994.89996
2013513203,3,994.75995
2013513303,3,994.44995
2013513403,3,994.36
2013513503,3,994.31
2013513603,3,994.31
2013513703,3,994.41
2013513803,3,994.75
2013513903,3,994.91
2013514003,3,994.61
2013514103,3,994.55
2013514203,3,994.5
2013514303,3,994.49
2013514403,3,994.6
2013514503,3,994.81
2013514603,3,994.92
2013514703,3,994.99
2013514803,3,994.94
2013514903,3,995.0
2013515003,3,994.94
2013515103,3,995.00995
2013515203,3,994.8
2013515303,3,994.72
2013515403,3,994.86
2013515503,3,994.88
2013515603,3,994.81995
2013515703,3,994.76996
2013515803,3,994.77997
2013515903,3,994.69
2013516003,3,994.82996
2013516103,3,994.95996
2013516203,3,995.0
2013516303,3,994.76996
2013516403,3,994.81
2013516503,3,994.82996
2013516603,3,994.79
2013516703,3,994.85
2013516803,3,994.88
2013516903,3,994.89996
2013517003,3,994.89996
2013517103,3,994.75995
2013517203,3,994.74
2013517303,3,994.76996
2013517403,3,994.76996
2013517503,3,994.76996
2013517603,3,994.87
2013517703,3,995.19995
2013517803,3,995.06995
2013517903,3,994.82996
2013518003,3,994.88
2013518103,3,994.93
2013518203,3,994.85
2013518303,3,994.89996
2013518403,3,995.0
2013518503,3,995.06995
2013518603,3,994.94
2013518703,3,994.77997
2013518803,3,994.75
2013518903,3,994.75
2013519003,3,994.8
2013519103,3,994.86
2013519203,3,994.89996
2013519303,3,995.07996
2013519403,3,994.95996
2013519503,3,994.93
2013519603,3,994.92
2013519703,3,994.91
2013519803,3,994.91
2013519903,3,994.91
2013520003,3,994.94
2013520103,3,994.95996
2013520203,3,994.82996
2013520303,3,994.69
2013520403,3,994.66
2013520503,3,994.68
2013520603,3,994.76996
2013520703,3,994.77997
2013520803,3,994.79
2013520903,3,994.98
2013521003,3,994.97
2013521103,3,994.75
2013521203,3,994.79
2013521303,3,994.81
2013521403,3,994.77997
2013521503,3,994.77997
2013521603,3,994.76996
2013521703,3,994.83997
2013521803,3,994.77997
2013521903,3,994.63
2013522003,3,994.58997
2013522103,3,994.69
2013522203,3,994.73
2013522303,3,994.76996
2013522403,3,994.8
2013522503,3,994.91
2013522603,3,994.82996
2013522703,3,994.68
2013522803,3,994.73
2013522903,3,994.75
2013523003,3,994.73
2013523103,3,994.79
2013523203,3,994.83997
2013523303,3,994.8
2013523403,3,994.64996
2013523503,3,994.51996
2013523603,3,994.57996
2013523703,3,994.68
2013523803,3,994.79
2013523903,3,994.75995
2013524003,3,994.8
2013524103,3,994.98
2013524203,3,994.75
2013524303,3,994.75
2013524403,3,994.86
2013524503,3,994.69
2013524603,3,994.72
2013524703,3,994.81995
2013524803,3,994.97
2013524903,3,994.98
2013525003,3,994.64996
2013525103,3,994.61
2013525203,3,994.64996
2013525303,3,994.81
2013525403,3,994.82996
2013525503,3,994.83997
2013525603,3,994.87
2013525703,3,994.94
2013525803,3,994.8
2013525903,3,994.74
2013526003,3,994.8
2013526103,3,994.8
2013526203,3,994.74
2013526303,3,994.75
2013526403,3,994.92
2013526503,3,994.81
2013526603,3,994.62
2013526703,3,994.58997
2013526803,3,994.64996
2013526903,3,994.74
2013527003,3,994.88
2013527103,3,994.81995
2013527203,3,994.97
2013527303,3,995.01996
2013527403,3,994.76996
2013527503,3,994.81995
2013527603,3,994.81995
2013527703,3,994.74
2013527803,3,994.76996
2013527903,3,994.85
2013528003,3,994.92
2013528103,3,994.8
2013528203,3,994.64996
2013528303,3,994.63995
2013528403,3,994.75995
2013528503,3,994.76996
2013528603,3,994.81995
2013528703,3,994.92
2013528803,3,995.00995
2013528903,3,994.94995
2013529003,3,994.75995
2013529103,3,994.69
2013529203,3,994.72
2013529303,3,994.72
2013529403,3,994.75995
2013529503,3,994.82996
2013529603,3,995.00995
2013529703,3,994.74
2013529803,3,994.64996
2013529903,3,994.64996
2013530003,3,994.69
2013530103,3,994.77997
2013530203,3,994.82996
2013530303,3,994.93
2013530403,3,995.06995
2013530503,3,994.87
2013530603,3,994.74
2013530703,3,994.77997
2013530803,3,994.8
2013530903,3,994.75995
2013531003,3,994.79
2013531103,3,995.0
2013531203,3,994.94
2013531303,3,994.6
2013531403,3,994.63995
2013531503,3,994.68
2013531603,3,994.74
2013531703,3,994.73
2013531803,3,994.82996
2013531903,3,994.94995
2013532003,3,994.88995
2013532103,3,994.75995
2013532203,3,994.76996
2013532303,3,994.77997
2013532403,3,994.75
2013532503,3,994.82996
2013532603,3,995.0
2013532703,3,995.00995
2013532803,3,994.79
2013532903,3,994.67
2013533003,3,994.69
2013533103,3,994.79
2013533203,3,994.81995
2013533303,3,994.86
2013533403,3,995.04
2013533503,3,995.04
2013533603,3,994.69995
2013533703,3,994.70996
2013533803,3,994.85
2013533903,3,994.87
2013534003,3,994.87
2013534103,3,994.86
2013534203,3,995.01996
2013534303,3,994.87
2013534403,3,994.64996
2013534503,3,994.63995
2013534603,3,994.74
2013534703,3,994.83997
2013534803,3,994.81
2013534903,3,994.83997
2013535003,3,995.04
2013535103,3,994.82996
2013535203,3,994.75995
2013535303,3,994.79
2013535403,3,994.81995
2013535503,3,994.8
2013535603,3,994.8
2013535703,3,994.89996
2013535803,3,995.00995
2013535903,3,994.81
2013536003,3,994.70996
2013536103,3,994.76996
2013536203,3,994.87
2013536303,3,994.79
2013536403,3,994.81
2013536503,3,995.08997
2013536603,3,995.06
2013536703,3,994.72
2013536803,3,994.85
2013536903,3,994.94
2013537003,3,994.81
2013537103,3,994.79
2013537203,3,994.97
2013537303,3,994.83997
2013537403,3,994.77997
2013537503,3,994.51996
2013537603,3,994.64996
2013537703,3,994.86
2013537803,3,994.85
2013537903,3,994.85
2013538003,3,994.98
2013538103,3,994.97
2013538203,3,994.73
2013538303,3,994.81
2013538403,3,994.88995
2013538503,3,994.75
2013538603,3,994.73
2013538703,3,994.94995
2013538803,3,995.1
2013538903,3,994.82996
2013539003,3,994.58997
2013539103,3,994.66
2013539203,3,994.82996
2013539303,3,994.79
2013539403,3,994.74
2013539503,3,995.02997
2013539603,3,995.06
2013539703,3,994.73
2013539803,3,994.67
2013539903,3,994.76996
2013540003,3,994.76996
2013540103,3,994.8
2013540203,3,994.87
2013540303,3,994.98
2013540403,3,994.89996
2013540503,3,994.63
2013540603,3,994.62
2013540703,3,994.77997
2013540803,3,994.85
2013540903,3,994.87
2013541003,3,994.99
2013541103,3,995.04
2013541203,3,994.81995
2013541303,3,994.74
2013541403,3,994.75995
2013541503,3,994.75
2013541603,3,994.69
2013541703,3,994.79
2013541803,3,994.88
2013541903,3,994.93
2013542003,3,994.69
2013542103,3,994.63
2013542203,3,994.75
2013542303,3,994.8
2013542403,3,994.88
2013542503,3,994.92
2013542603,3,995.06995
2013542703,3,994.87
2013542803,3,994.8
2013542903,3,994.8
2013543003,3,994.86
2013543103,3,994.77997
2013543203,3,994.76996
2013543303,3,994.91
2013543403,3,994.94
2013543503,3,994.81995
2013543603,3,994.67
2013543703,3,994.67
2013543803,3,994.75
2013543903,3,994.85
2013544003,3,994.91
2013544103,3,995.01996
2013544203,3,994.94995
2013544303,3,994.76996
2013544403,3,994.74
2013544503,3,994.76996
2013544603,3,994.8
2013544703,3,994.82996
2013544803,3,994.91
2013544903,3,995.02997
2013545003,3,994.97
2013545103,3,994.68
2013545203,3,994.63
2013545303,3,994.75
2013545403,3,994.89996
2013545503,3,994.88995
2013545603,3,994.97
2013545703,3,995.06
2013545803,3,994.86
2013545903,3,994.76996
2013546003,3,994.82996
2013546103,3,994.77997
2013546203,3,994.81995
2013546303,3,994.91
2013546403,3,994.98
2013546503,3,994.89996
2013546603,3,994.85
2013546703,3,994.63
2013546803,3,994.63
2013546903,3,994.79
2013547003,3,994.87
2013547103,3,994.93
2013547203,3,995.06
2013547303,3,994.93
2013547403,3,994.8
2013547503,3,994.76996
2013547603,3,994.88
2013547703,3,994.83997
2013547803,3,994.79
2013547903,3,994.83997
2013548003,3,995.05
2013548103,3,994.82996
2013548203,3,994.63995
2013548303,3,994.61
2013548403,3,994.69
2013548503,3,994.8
2013548603,3,994.82996
2013548703,3,994.95996
2013548803,3,994.97
2013548903,3,994.82996
2013549003,3,994.73
2013549103,3,994.82996
2013549203,3,994.82996
2013549303,3,994.8
2013549403,3,994.81
2013549503,3,994.92
2013549603,3,994.91
2013549703,3,994.63
2013549803,3,994.51996
2013549903,3,994.6
2013550003,3,994.8
2013550103,3,994.79
2013550203,3,994.75
2013550303,3,995.00995
2013550403,3,994.89996
2013550503,3,994.69
2013550603,3,994.76996
2013550703,3,994.73
2013550803,3,994.67
2013550903,3,994.75995
2013551003,3,994.99
2013551103,3,995.1
2013551203,3,994.79
2013551303,3,994.62
2013551403,3,994.57996
2013551503,3,994.8
2013551603,3,994.88
2013551703,3,994.82996
2013551803,3,994.87
2013551903,3,995.07996
2013552003,3,994.77997
2013552103,3,994.66
2013552203,3,994.86
2013552303,3,994.86
2013552403,3,994.79
2013552503,3,994.81
2013552603,3,995.02997
2013552703,3,995.00995
2013552803,3,994.83997
2013552903,3,994.68
2013553003,3,994.69995
2013553103,3,994.79
2013553203,3,994.95996
2013553303,3,994.88995
2013553403,3,994.94995
2013553503,3,995.05
2013553603,3,994.75995
2013553703,3,994.74
2013553803,3,994.81995
2013553903,3,994.82996
2013554003,3,994.77997
2013554103,3,994.86
2013554203,3,995.02997
2013554303,3,994.93
2013554403,3,994.82996
2013554503,3,994.63995
2013554603,3,994.74
2013554703,3,994.89996
2013554803,3,994.91
2013554903,3,995.06
2013555003,3,995.11
2013555103,3,994.87
2013555203,3,994.82996
2013555303,3,994.88
2013555403,3,994.8
2013555503,3,994.79
2013555603,3,994.88995
2013555703,3,994.95996
2013555803,3,994.87
2013555903,3,994.77997
2013556003,3,994.75995
2013556103,3,994.79
2013556203,3,994.75
2013556303,3,994.81995
2013556403,3,994.85
2013556503,3,994.88995
2013556603,3,994.87
2013556703,3,994.74
2013556803,3,994.79
2013556903,3,994.72
2013557003,3,994.75
2013557103,3,994.81
2013557203,3,994.86
2013557303,3,994.91
2013557403,3,994.75995
2013557503,3,994.6
2013557603,3,994.72
2013557703,3,994.81
2013557803,3,994.85
2013557903,3,994.81
2013558003,3,994.81
2013558103,3,994.97
2013558203,3,994.93
2013558303,3,994.74
2013558403,3,994.73
2013558503,3,994.75
2013558603,3,994.8
2013558703,3,994.82996
2013558803,3,994.94
2013558903,3,995.01996
2013559003,3,994.8
2013559103,3,994.58997
2013559203,3,994.57996
2013559303,3,994.79
2013559403,3,994.93
2013559503,3,994.81
2013559603,3,994.89996
2013559703,3,995.01996
2013559803,3,994.8
2013559903,3,994.8
2013560003,3,994.81
2013560103,3,994.82996
2013560203,3,994.83997
2013560303,3,994.83997
2013560403,3,994.92
2013560503,3,994.94995
2013560603,3,994.85
2013560703,3,994.62
2013560803,3,994.74
2013560903,3,994.79
2013561003,3,994.8
2013561103,3,994.82996
2013561203,3,995.06995
2013561303,3,994.92
2013561403,3,994.76996
2013561503,3,994.81
2013561603,3,994.79
2013561703,3,994.79
2013561803,3,994.91
2013561903,3,994.95996
2013562003,3,995.07996
2013562103,3,994.86
2013562203,3,994.70996
2013562303,3,994.75995
2013562403,3,994.85
2013562503,3,994.93
2013562603,3,994.92
2013562703,3,995.08997
2013562803,3,994.99
2013562903,3,994.85
2013563003,3,994.87
2013563103,3,994.87
2013563203,3,994.8
2013563303,3,994.77997
2013563403,3,994.91
2013563503,3,995.01996
2013563603,3,994.89996
2013563703,3,994.68
2013563803,3,994.66
2013563903,3,994.75995
2013564003,3,994.88995
2013564103,3,994.93
2013564203,3,994.94995
2013564303,3,995.01996
2013564403,3,994.86
2013564503,3,994.79
2013564603,3,994.82996
2013564703,3,994.81995
2013564803,3,994.8
2013564903,3,994.88995
2013565003,3,995.07996
2013565103,3,994.99
2013565203,3,994.67
2013565303,3,994.62
2013565403,3,994.72
2013565503,3,994.92
2013565603,3,994.88995
2013565703,3,994.93
2013565803,3,995.05
2013565903,3,994.91
2013566003,3,994.79
2013566103,3,994.82996
2013566203,3,994.87
2013566303,3,994.85
2013566403,3,994.83997
2013566503,3,994.97
2013566603,3,994.92
2013566703,3,994.69
2013566803,3,994.61
2013566903,3,994.77997
2013567003,3,994.81995
2013567103,3,994.81995
2013567203,3,994.94995
2013567303,3,995.06
2013567403,3,994.82996
2013567503,3,994.69
2013567603,3,994.83997
2013567703,3,994.85
2013567803,3,994.76996
2013567903,3,994.88995
2013568003,3,995.05
2013568103,3,994.99
2013568203,3,994.85
2013568303,3,994.56
2013568403,3,994.66
2013568503,3,994.75
2013568603,3,994.81
2013568703,3,994.87
2013568803,3,995.08997
2013568903,3,994.93
2013569003,3,994.72
2013569103,3,994.79
2013569203,3,994.82996
2013569303,3,994.85
2013569403,3,994.83997
2013569503,3,994.94995
2013569603,3,994.99
2013569703,3,994.88
2013569803,3,994.70996
2013569903,3,994.79
2013570003,3,994.83997
2013570103,3,994.89996
2013570203,3,994.93
2013570303,3,995.05
2013570403,3,994.95996
2013570503,3,994.81995
2013570603,3,994.81
2013570703,3,994.83997
2013570803,3,994.79
2013570903,3,994.83997
2013571003,3,994.92
2013571103,3,995.06
2013571203,3,995.06
2013571303,3,994.67
2013571403,3,994.64996
2013571503,3,994.88
2013571603,3,994.94995
2013571703,3,994.95996
2013571803,3,995.00995
2013571903,3,995.1
2013572003,3,994.92
2013572103,3,994.8
2013572203,3,994.81
2013572303,3,994.83997
2013572403,3,994.91
2013572503,3,994.82996
2013572603,3,995.19
2013572703,3,995.25995
2013572803,3,994.69995
2013572903,3,994.58997
2013573003,3,994.69
2013573103,3,994.8
2013573203,3,994.92
2013573303,3,994.86
2013573403,3,995.04
2013573503,3,994.88
2013573603,3,994.79
2013573703,3,994.73
2013573803,3,994.76996
2013573903,3,994.77997
2013574003,3,994.85
2013574103,3,994.88995
2013574203,3,995.06
2013574303,3,994.79
2013574403,3,994.69
2013574503,3,994.68
2013574603,3,994.77997
2013574703,3,994.97
2013574803,3,994.94
2013574903,3,995.0
2013575003,3,995.02997
2013575103,3,994.8
2013575203,3,994.8
2013575303,3,994.85
2013575403,3,994.87
2013575503,3,994.87
2013575603,3,994.88995
2013575703,3,995.18
2013575803,3,995.00995
2013575903,3,994.68
2013576003,3,994.70996
2013576103,3,994.81
2013576203,3,994.93
2013576303,3,994.93
2013576403,3,994.98
2013576503,3,994.91
2013576603,3,994.68
2013576703,3,994.74
2013576803,3,994.81
2013576903,3,994.82996
2013577003,3,994.86
2013577103,3,994.87
2013577203,3,995.00995
2013577303,3,994.88
2013577403,3,994.68
2013577503,3,994.77997
2013577603,3,994.87
2013577703,3,994.88995
2013577803,3,994.91
2013577903,3,995.04
2013578003,3,995.14996
2013578103,3,994.74
2013578203,3,994.81995
2013578303,3,994.83997
2013578403,3,994.88995
2013578503,3,994.88
2013578603,3,994.87
2013578703,3,995.07996
2013578803,3,995.00995
2013578903,3,994.68
2013579003,3,994.67
2013579103,3,994.86
2013579203,3,994.88995
2013579303,3,994.91
2013579403,3,994.98
2013579503,3,995.06995
2013579603,3,994.75
2013579703,3,994.81995
2013579803,3,994.88995
2013579903,3,994.89996
2013580003,3,994.81
2013580103,3,994.89996
2013580203,3,995.06
2013580303,3,994.93
2013580403,3,994.69
2013580503,3,994.70996
2013580603,3,994.88995
2013580703,3,994.88995
2013580803,3,994.92
2013580903,3,995.13
2013581003,3,995.1
2013581103,3,994.75995
2013581203,3,994.79
2013581303,3,994.98
2013581403,3,994.88
2013581503,3,994.86
2013581603,3,995.00995
2013581703,3,995.14996
2013581803,3,994.92
2013581903,3,994.81
2013582003,3,994.8
2013582103,3,994.89996
2013582203,3,994.88
2013582303,3,994.88995
2013582403,3,995.07996
2013582503,3,995.14996
2013582603,3,994.76996
2013582703,3,994.75
2013582803,3,994.8
2013582903,3,994.92
2013583003,3,994.98
2013583103,3,994.93
2013583203,3,995.00995
2013583303,3,994.92
2013583403,3,994.77997
2013583503,3,994.67
2013583603,3,994.87
2013583703,3,994.87
2013583803,3,994.85
2013583903,3,994.98
2013584003,3,995.11
2013584103,3,994.81995
2013584203,3,994.75995
2013584303,3,994.89996
2013584403,3,994.89996
2013584503,3,994.94
2013584603,3,995.00995
2013584703,3,995.07996
2013584803,3,994.97
2013584903,3,994.82996
2013585003,3,994.69995
2013585103,3,994.81
2013585203,3,994.88
2013585303,3,994.88
2013585403,3,994.94
2013585503,3,995.04
2013585603,3,994.98
2013585703,3,994.76996
2013585803,3,994.86
2013585903,3,994.86
2013586003,3,994.88
2013586103,3,994.83997
2013586203,3,995.00995
2013586303,3,995.04
2013586403,3,994.91
2013586503,3,994.66
2013586603,3,994.70996
2013586703,3,994.91
2013586803,3,994.91
2013586903,3,994.97
2013587003,3,995.07996
2013587103,3,994.97
2013587203,3,994.74
2013587303,3,994.87
2013587403,3,994.94
2013587503,3,994.88995
2013587603,3,994.87
2013587703,3,995.13
2013587803,3,995.04
2013587903,3,994.83997
2013588003,3,994.64996
2013588103,3,994.79
2013588203,3,994.87
2013588303,3,994.87
2013588403,3,995.00995
2013588503,3,995.07996
2013588603,3,994.98
2013588703,3,994.79
2013588803,3,994.83997
2013588903,3,994.88995
2013589003,3,994.88995
2013589103,3,994.93
2013589203,3,995.01996
2013589303,3,995.00995
2013589403,3,994.88
2013589503,3,994.72
2013589603,3,994.81
2013589703,3,994.89996
2013589803,3,994.89996
2013589903,3,995.07996
2013590003,3,995.1
2013590103,3,994.98
2013590203,3,994.74
2013590303,3,994.81995
2013590403,3,994.86
2013590503,3,994.86
2013590603,3,994.99
2013590703,3,995.16
2013590803,3,995.05
2013590903,3,994.73
2013591003,3,994.62
2013591103,3,995.0
2013591203,3,994.87
2013591303,3,994.85
2013591403,3,995.11
2013591503,3,995.14996
2013591603,3,994.93
2013591703,3,994.76996
2013591803,3,994.81995
2013591903,3,994.88995
2013592003,3,994.91
2013592103,3,995.01996
2013592203,3,995.13995
2013592303,3,994.99
2013592403,3,994.70996
2013592503,3,994.69
2013592603,3,994.81
2013592703,3,994.93
2013592803,3,994.92
2013592903,3,995.13995
2013593003,3,995.18
2013593103,3,994.88
2013593203,3,994.75995
2013593303,3,994.85
2013593403,3,994.91
2013593503,3,994.92
2013593603,3,995.01996
2013593703,3,995.1
2013593803,3,994.88
2013593903,3,994.62
2013594003,3,994.58997
2013594103,3,994.85
2013594203,3,994.89996
2013594303,3,995.00995
2013594403,3,995.13
2013594503,3,994.99
2013594603,3,994.73
2013594703,3,994.74
2013594803,3,994.88995
2013594903,3,994.94
2013595003,3,994.88995
2013595103,3,994.98
2013595203,3,995.17
2013595303,3,994.81
2013595403,3,994.69
2013595503,3,994.75995
2013595603,3,994.87
2013595703,3,994.91
2013595803,3,994.98
2013595903,3,995.17
2013596003,3,995.05
2013596103,3,994.70996
2013596203,3,994.77997
2013596303,3,994.89996
2013596403,3,994.95996
2013596503,3,994.86
2013596603,3,995.04
2013596703,3,995.12
2013596803,3,994.88995
2013596903,3,994.75995
2013597003,3,994.68
2013597103,3,994.89996
2013597203,3,994.98
2013597303,3,995.04
2013597403,3,995.11
2013597503,3,994.99
2013597603,3,994.75
2013597703,3,994.76996
2013597803,3,994.81995
2013597903,3,994.88
2013598003,3,994.86
2013598103,3,994.92
2013598203,3,995.0
2013598303,3,994.82996
2013598403,3,994.67
2013598503,3,994.67
2013598603,3,994.77997
2013598703,3,994.81
2013598803,3,994.88995
2013598903,3,995.06995
2013599003,3,994.85
2013599103,3,994.69995
2013599203,3,994.69995
2013599303,3,994.81
2013599403,3,994.81995
2013599503,3,994.86
2013599603,3,994.93
2013599703,3,995.06
2013599803,3,994.81
2013599903,3,994.68
2013600003,3,994.63
2013600103,3,994.72
2013600203,3,994.88
2013600303,3,994.83997
2013600403,3,995.01996
2013600503,3,994.97
2013600603,3,994.81
2013600703,3,994.72
2013600803,3,994.76996
2013600903,3,994.88995
2013601003,3,994.88995
2013601103,3,994.88995
2013601203,3,994.93
2013601303,3,994.93
2013601403,3,994.74
2013601503,3,994.75995
2013601603,3,994.81995
2013601703,3,994.83997
2013601803,3,994.83997
2013601903,3,994.99
2013602003,3,995.08997
2013602103,3,994.88995
2013602203,3,994.75995
2013602303,3,994.75
2013602403,3,994.85
2013602503,3,994.89996
2013602603,3,994.94
2013602703,3,994.98
2013602803,3,995.11
2013602903,3,994.76996
2013603003,3,994.63995
2013603103,3,994.67
2013603203,3,994.88
2013603303,3,994.94
2013603403,3,994.89996
2013603503,3,995.02997
2013603603,3,994.94995
2013603703,3,994.73
2013603803,3,994.73
2013603903,3,994.77997
2013604003,3,994.77997
2013604103,3,994.93
2013604203,3,995.01996
2013604303,3,994.99
2013604403,3,994.83997
2013604503,3,994.75
2013604603,3,994.69995
2013604703,3,994.87
2013604803,3,994.89996
2013604903,3,994.89996
2013605003,3,994.99
2013605103,3,995.05
2013605203,3,994.87
2013605303,3,994.72
2013605403,3,994.87
2013605503,3,994.94
2013605603,3,994.94
2013605703,3,994.98
2013605803,3,995.00995
2013605903,3,994.89996
2013606003,3,994.75995
2013606103,3,994.69
2013606203,3,994.75995
2013606303,3,994.88
2013606403,3,994.97
2013606503,3,995.07996
2013606603,3,995.0
2013606703,3,994.94
2013606803,3,994.73
2013606903,3,994.77997
2013607003,3,994.86
2013607103,3,994.92
2013607203,3,994.88995
2013607303,3,995.05
2013607403,3,995.04
2013607503,3,994.74
2013607603,3,994.61
2013607703,3,994.75
2013607803,3,994.94
2013607903,3,994.98
2013608003,3,995.01996
2013608103,3,995.02997
2013608203,3,995.0
2013608303,3,994.81
2013608403,3,994.81
2013608503,3,994.75995
2013608603,3,995.0
2013608703,3,995.01996
2013608803,3,994.98
2013608903,3,994.98
2013609003,3,994.76996
2013609103,3,994.64996
2013609203,3,994.75995
2013609303,3,994.98
2013609403,3,994.93
2013609503,3,995.05
2013609603,3,995.14996
2013609703,3,994.93
2013609803,3,994.64996
2013609903,3,994.79
2013610003,3,994.77997
2013610103,3,994.83997
2013610203,3,994.97
2013610303,3,994.95996
2013610403,3,994.86
2013610503,3,994.68
2013610603,3,994.68
2013610703,3,994.85
2013610803,3,994.92
2013610903,3,994.87
2013611003,3,995.08997
2013611103,3,995.06995
2013611203,3,994.82996
2013611303,3,994.76996
2013611403,3,994.81
2013611503,3,994.87
2013611603,3,994.93
2013611703,3,995.11
2013611803,3,994.94995
2013611903,3,994.74
2013612003,3,994.72
2013612103,3,994.77997
2013612203,3,994.88995
2013612303,3,994.88
2013612403,3,994.93
2013612503,3,995.13995
2013612603,3,995.01996
2013612703,3,994.73
2013612803,3,994.70996
2013612903,3,994.74
2013613003,3,994.88995
2013613103,3,994.91
2013613203,3,995.06
2013613303,3,994.99
2013613403,3,994.75
2013613503,3,994.49
2013613603,3,994.70996
2013613703,3,994.85
2013613803,3,994.75
2013613903,3,994.95996
2013614003,3,995.08997
2013614103,3,994.88
2013614203,3,994.62
2013614303,3,994.69
2013614403,3,994.91
2013614503,3,994.91
2013614603,3,994.92
2013614703,3,994.98
2013614803,3,994.88
2013614903,3,994.56995
2013615003,3,994.55
2013615103,3,994.8
2013615203,3,994.8
2013615303,3,994.77997
2013615403,3,994.99
2013615503,3,995.07996
2013615603,3,994.67
2013615703,3,994.62
2013615803,3,994.66
2013615903,3,994.87
2013616003,3,994.85
2013616103,3,994.97
2013616203,3,994.94
2013616303,3,994.81
2013616403,3,994.64996
2013616503,3,994.63995
2013616603,3,994.75995
2013616703,3,994.91
2013616803,3,994.98
2013616903,3,995.1
2013617003,3,994.94995
2013617103,3,994.75
2013617203,3,994.69
2013617303,3,994.74
2013617403,3,994.83997
2013617503,3,994.86
2013617603,3,994.93
2013617703,3,994.94995
2013617803,3,994.76996
2013617903,3,994.58997
2013618003,3,994.63
2013618103,3,994.8
2013618203,3,994.74
2013618303,3,994.93
2013618403,3,995.05
2013618503,3,994.93
2013618603,3,994.72
2013618703,3,994.75995
2013618803,3,994.75
2013618903,3,994.89996
2013619003,3,994.92
2013619103,3,995.01996
2013619203,3,994.98
2013619303,3,994.69995
2013619403,3,994.6
2013619503,3,994.82996
2013619603,3,994.89996
2013619703,3,994.89996
2013619803,3,995.04
2013619903,3,995.13995
2013620003,3,994.81
2013620103,3,994.81995
2013620203,3,994.87
2013620303,3,994.83997
2013620403,3,994.79
2013620503,3,994.94995
2013620603,3,995.06
2013620703,3,994.88
2013620803,3,994.61
2013620903,3,994.58997
2013621003,3,994.86
2013621103,3,994.81
2013621203,3,994.83997
2013621303,3,995.19995
2013621403,3,995.06
2013621503,3,994.63
2013621603,3,994.75995
2013621703,3,994.81995
2013621803,3,994.81
2013621903,3,994.81
2013622003,3,994.87
2013622103,3,994.99
2013622203,3,994.76996
2013622303,3,994.45996
2013622403,3,994.61
2013622503,3,994.75995
2013622603,3,994.69995
2013622703,3,994.79
2013622803,3,995.08997
2013622903,3,994.83997
2013623003,3,994.63
2013623103,3,994.70996
2013623203,3,994.77997
2013623303,3,994.81
2013623403,3,994.86
2013623503,3,994.91
2013623603,3,994.91
2013623703,3,994.54
2013623803,3,994.77997
2013623903,3,994.81995
2013624003,3,994.75995
2013624103,3,994.93
2013624203,3,995.17
2013624303,3,994.97
2013624403,3,994.69
2013624503,3,994.81995
2013624603,3,994.76996
2013624703,3,994.94995
2013624803,3,995.00995
2013624903,3,995.01996
2013625003,3,994.75
2013625103,3,994.68
2013625203,3,994.82996
2013625303,3,994.89996
2013625403,3,994.94
2013625503,3,994.98
2013625603,3,995.13
2013625703,3,994.75
2013625803,3,994.69995
2013625903,3,994.74
2013626003,3,994.76996
2013626103,3,994.82996
2013626203,3,994.93
2013626303,3,995.06
2013626403,3,994.77997
2013626503,3,994.57996
2013626603,3,994.66
2013626703,3,994.82996
2013626803,3,994.85
2013626903,3,994.89996
2013627003,3,995.02997
2013627103,3,994.94
2013627203,3,994.66
2013627303,3,994.72
2013627403,3,994.86
2013627503,3,994.85
2013627603,3,994.87
2013627703,3,995.14996
2013627803,3,995.07996
2013627903,3,994.68
2013628003,3,994.68
2013628103,3,994.77997
2013628203,3,994.83997
2013628303,3,994.91
2013628403,3,995.13995
2013628503,3,995.00995
2013628603,3,994.69995
2013628703,3,994.88995
2013628803,3,994.88
2013628903,3,994.79
2013629003,3,994.87
2013629103,3,995.14996
2013629203,3,995.08997
2013629303,3,994.70996
2013629403,3,994.64996
2013629503,3,994.73
2013629603,3,994.81995
2013629703,3,994.85
2013629803,3,995.06995
2013629903,3,994.91
2013630003,3,994.69995
2013630103,3,994.74
2013630203,3,994.74
2013630303,3,994.82996
2013630403,3,994.92
2013630503,3,995.01996
2013630603,3,994.95996
2013630703,3,994.68
2013630803,3,994.56
2013630903,3,994.67
2013631003,3,994.73
2013631103,3,994.76996
2013631203,3,994.87
2013631303,3,994.95996
2013631403,3,994.67
2013631503,3,994.67
2013631603,3,994.72
2013631703,3,994.70996
2013631803,3,994.79
2013631903,3,994.91
2013632003,3,995.06
2013632103,3,994.73
2013632203,3,994.61
2013632303,3,994.68
2013632403,3,994.75
2013632503,3,994.8
2013632603,3,994.99
2013632703,3,995.07996
2013632803,3,994.82996
2013632903,3,994.67
2013633003,3,994.77997
2013633103,3,994.82996
2013633203,3,994.83997
2013633303,3,994.82996
2013633403,3,994.99
2013633503,3,994.98
2013633603,3,994.57996
2013633703,3,994.6
2013633803,3,994.86
2013633903,3,994.87
2013634003,3,994.93
2013634103,3,995.08997
2013634203,3,994.88995
2013634303,3,994.66
2013634403,3,994.69
2013634503,3,994.77997
2013634603,3,994.83997
2013634703,3,994.88995
2013634803,3,995.06995
2013634903,3,994.93
2013635003,3,994.72
2013635103,3,994.63995
2013635203,3,994.75
2013635303,3,994.77997
2013635403,3,994.79
2013635503,3,995.11
2013635603,3,995.12
2013635703,3,994.62
2013635803,3,994.75
2013635903,3,994.81
2013636003,3,994.87
2013636103,3,994.86
2013636203,3,994.97
2013636303,3,994.93
2013636403,3,994.81995
2013636503,3,994.58997
2013636603,3,994.69
2013636703,3,994.89996
2013636803,3,994.89996
2013636903,3,994.88
2013637003,3,995.07996
2013637103,3,994.99
2013637203,3,994.68
2013637303,3,994.75995
2013637403,3,994.81
2013637503,3,994.83997
2013637603,3,994.81995
2013637703,3,994.93
2013637803,3,995.07996
2013637903,3,994.75
2013638003,3,994.56995
2013638103,3,994.64996
2013638203,3,994.81
2013638303,3,994.81995
2013638403,3,994.94995
2013638503,3,995.05
2013638603,3,995.01996
2013638703,3,994.74
2013638803,3,994.79
2013638903,3,994.81
2013639003,3,994.79
2013639103,3,994.8
2013639203,3,995.0
2013639303,3,995.0
2013639403,3,994.63
2013639503,3,994.58997
2013639603,3,994.62
2013639703,3,994.66
2013639803,3,994.68
2013639903,3,994.74
2013640003,3,994.82996
2013640103,3,995.04
2013640203,3,995.27997
2013640303,3,995.12
2013640403,3,994.58997
2013640503,3,994.49
2013640603,3,994.50995
2013640703,3,994.83997
2013640803,3,994.89996
2013640903,3,994.64996
2013641003,3,994.58997
2013641103,3,995.06
2013641203,3,995.18
2013641303,3,995.27997
2013641403,3,995.32996
2013641503,3,995.3
2013641603,3,995.29
2013641703,3,995.33997
2013641803,3,995.24
