location due to GPS and WiFi+Cell,2026-06-11_17-04-59.349_Active 10 Pro
time,provider,lat (deg),long (deg),has accuracy,accuracy (m),has altitude,altitude (m above sea level),has bearing,bearing (degrees),has speed,speed (m/s over ground),UTC,realtime
2077231246,network,55.6723551,37.5575315,1,21.587,1,224.90000915527344,0,0.0,0,0.0,1781186691075,2077219724000000
2077232682,gps,55.67257333333334,37.55773166666667,1,3.9,1,219.7,1,0.0,1,0.0,1781186703968,2077232620158354
2077233208,gps,55.67258666666667,37.557766666666666,1,4.0,1,219.8,1,0.0,1,0.0,1781186704500,2077233150593124
2077233709,gps,55.672605000000004,37.55776166666667,1,3.8,1,220.0,1,0.0,1,0.0,1781186705000,2077233647929201
2077234204,gps,55.67262000000001,37.55776166666667,1,3.7,1,220.1,1,0.0,1,0.0,1781186705500,2077234148901432
2077235203,gps,55.67262666666667,37.55775666666667,1,3.7,1,220.1,1,96.47,1,0.28103834,1781186706500,2077235148301201
2077236725,gps,55.67262666666667,37.55775166666667,1,3.6,1,220.7,1,65.57,1,0.23059556,1781186708000,2077236648960585
2077237715,gps,55.672625000000004,37.55774833333333,1,3.3,1,221.5,1,170.67,1,0.36854112,1781186709000,2077237654596278
2077238710,gps,55.67263666666666,37.557735,1,2.9,1,221.1,1,289.84,1,0.37729138,1781186710000,2077238651112509
2077239713,gps,55.67264166666667,37.55773166666667,1,2.7,1,221.3,1,266.98,1,0.39993918,1781186711000,2077239647849124
2077240717,gps,55.672644999999996,37.55772666666667,1,2.6,1,221.5,1,275.31,1,0.3850122,1781186712000,2077240649483047
2077241721,gps,55.67263166666667,37.55773666666666,1,2.4,1,221.7,1,239.5,1,0.19507973,1781186713000,2077241648254432
2077242709,gps,55.67263,37.557750000000006,1,2.3,1,221.5,1,97.79,1,0.31140694,1781186714000,2077242649454970
2077243714,gps,55.672625000000004,37.557765,1,2.3,1,221.6,1,136.44,1,0.2640525,1781186715000,2077243650583894
2077244715,gps,55.67262000000001,37.55777,1,2.2,1,221.6,1,232.4,1,0.37935027,1781186716000,2077244647927586
2077245713,gps,55.67261499999999,37.557775,1,2.2,1,221.8,1,195.13,1,0.26250833,1781186717000,2077245650219048
2077246713,gps,55.672613333333324,37.55777333333333,1,2.2,1,222.2,1,195.06,1,0.18787362,1781186718000,2077246650656894
2077247709,gps,55.67260833333333,37.557775,1,2.1,1,222.5,1,130.26,1,0.15801972,1781186719000,2077247649281125
2077248722,gps,55.67260833333333,37.557786666666665,1,2.0,1,222.3,1,90.46,1,0.46119112,1781186720000,2077248648759971
2077249713,gps,55.67260833333333,37.55779666666667,1,1.8,1,222.3,1,83.57,1,0.6552414,1781186721000,2077249649013432
2077250711,gps,55.672623333333334,37.55781,1,1.8,1,222.5,1,34.89,1,2.13095,1781186722000,2077250650394971
2077251709,gps,55.67265333333333,37.557835,1,1.8,1,223.0,1,36.91,1,0.82818806,1781186723000,2077251648529740
2077251881,network,55.6723685,37.5573583,1,52.4,1,224.90000915527344,0,0.0,0,0.0,1781186722529,2077251178000000
2077252714,gps,55.67270166666667,37.55786833333333,1,1.8,1,223.0,1,27.2,1,4.649486,1781186724000,2077252651274125
2077253711,gps,55.672740000000005,37.557898333333334,1,1.9,1,223.1,1,22.15,1,4.14094,1781186725000,2077253650314663
2077254719,gps,55.672778333333326,37.55793333333334,1,1.9,1,223.3,1,28.91,1,4.471392,1781186726000,2077254649534740
2077255721,gps,55.67281666666666,37.55797333333333,1,2.0,1,223.3,1,34.71,1,4.497128,1781186727000,2077255650824894
2077256718,gps,55.672850000000004,37.558015,1,2.0,1,223.6,1,37.91,1,4.443597,1781186728000,2077256650569510
2077257706,gps,55.672884999999994,37.55805333333333,1,2.0,1,223.6,1,32.27,1,4.3571234,1781186729000,2077257649721125
2077258714,gps,55.672920000000005,37.55809,1,2.0,1,223.5,1,32.88,1,3.9664495,1781186730000,2077258650798433
2077259723,gps,55.672959999999996,37.558125000000004,1,1.9,1,223.2,1,32.35,1,4.229987,1781186731000,2077259652043895
2077260723,gps,55.67299666666666,37.55815666666667,1,1.9,1,223.2,1,29.86,1,4.0029945,1781186732000,2077260649115356
2077261713,gps,55.673030000000004,37.558191666666666,1,1.8,1,223.3,1,30.12,1,3.9849794,1781186733000,2077261651360510
2077262711,gps,55.673064999999994,37.55822166666667,1,1.8,1,222.7,1,31.38,1,4.200648,1781186734000,2077262650684202
2077263715,gps,55.673100000000005,37.558258333333335,1,1.7,1,222.0,1,32.72,1,4.1985893,1781186735000,2077263651067587
2077264713,gps,55.67313666666667,37.55829666666667,1,1.7,1,221.6,1,28.64,1,4.189839,1781186736000,2077264651009510
2077265718,gps,55.67317500000001,37.55833333333333,1,1.7,1,221.3,1,33.25,1,4.1661615,1781186737000,2077265650656510
2077266714,gps,55.673215,37.558368333333334,1,1.6,1,220.5,1,34.69,1,4.1532936,1781186738000,2077266644098049
2077267717,gps,55.673251666666665,37.55840666666666,1,1.6,1,220.1,1,31.2,1,4.15072,1781186739000,2077267647014741
2077268726,gps,55.673288333333325,37.558438333333335,1,1.6,1,219.6,1,26.35,1,4.1965303,1781186740000,2077268649710357
2077269714,gps,55.67332666666666,37.55847166666667,1,1.5,1,218.9,1,28.11,1,4.226384,1781186741000,2077269649143280
2077270722,gps,55.673365,37.55850833333333,1,1.5,1,218.6,1,30.64,1,4.286092,1781186742000,2077270651020511
2077271718,gps,55.67340333333333,37.558546666666665,1,1.5,1,218.2,1,31.19,1,4.376683,1781186743000,2077271652222741
2077272696,gps,55.67344333333334,37.55858833333333,1,1.5,1,217.9,1,29.89,1,4.498672,1781186744000,2077272645296818
2077272979,network,55.6733181,37.558675,1,23.314,1,222.70001220703125,0,0.0,0,0.0,1781186743232,2077271881000000
2077273722,gps,55.673485,37.558625,1,1.5,1,217.8,1,27.74,1,4.597499,1781186745000,2077273649978434
2077274711,gps,55.67352833333333,37.558661666666666,1,1.5,1,217.8,1,28.44,1,4.6685305,1781186746000,2077274650634742
2077275712,gps,55.673570000000005,37.558708333333335,1,1.5,1,217.4,1,31.43,1,4.7822843,1781186747000,2077275649302126
2077276718,gps,55.673613333333336,37.55876166666667,1,1.5,1,216.4,1,29.28,1,4.901185,1781186748000,2077276653995972
2077277720,gps,55.673656666666666,37.55881,1,1.5,1,215.7,1,31.2,1,5.018027,1781186749000,2077277654476896
2077278708,gps,55.67369999999999,37.558856666666664,1,1.5,1,215.3,1,32.96,1,5.1281776,1781186750000,2077278649166050
2077279712,gps,55.67374333333334,37.558904999999996,1,1.5,1,214.7,1,31.99,1,5.231122,1781186751000,2077279651947280
2077280705,gps,55.673786666666665,37.558955,1,1.4,1,214.0,1,29.94,1,5.3448753,1781186752000,2077280649903588
2077281717,gps,55.67383333333334,37.559,1,1.4,1,213.4,1,24.06,1,5.435467,1781186753000,2077281652698434
2077282712,gps,55.67387999999999,37.559043333333335,1,1.4,1,212.9,1,26.26,1,5.492601,1781186754000,2077282650619896
2077283714,gps,55.67392333333334,37.559095,1,1.4,1,212.4,1,34.8,1,5.545617,1781186755000,2077283650542665
2077284724,gps,55.673963333333326,37.55914833333333,1,1.4,1,211.8,1,34.88,1,5.5955453,1781186756000,2077284650733511
2077285708,gps,55.67400666666667,37.55919666666667,1,1.4,1,211.4,1,31.48,1,5.619737,1781186757000,2077285649012204
2077286716,gps,55.67404833333333,37.559243333333335,1,1.4,1,211.0,1,31.57,1,5.632605,1781186758000,2077286650210665
2077287711,gps,55.67409166666666,37.55929166666667,1,1.4,1,210.6,1,30.71,1,5.655768,1781186759000,2077287649493742
2077288717,gps,55.67413666666666,37.55934,1,1.4,1,210.1,1,29.63,1,5.672239,1781186760000,2077288652112589
2077289730,gps,55.67418166666666,37.55939,1,1.4,1,209.7,1,29.8,1,5.6948867,1781186761000,2077289651077204
2077290708,gps,55.67422666666666,37.559441666666665,1,1.4,1,209.4,1,34.76,1,5.7041516,1781186762000,2077290651957127
2077291715,gps,55.67427166666666,37.55949833333333,1,1.4,1,208.2,1,32.44,1,5.688195,1781186763000,2077291651135050
2077292723,gps,55.67431666666666,37.55955166666667,1,1.4,1,207.4,1,28.47,1,5.692313,1781186764000,2077292653347050
2077293347,network,55.6744422,37.5589574,1,40.154,1,217.40000915527344,0,0.0,0,0.0,1781186763950,2077292599000000
2077293715,gps,55.674365,37.55959,1,1.4,1,206.8,1,20.13,1,5.7376084,1781186765000,2077293652365204
2077294729,gps,55.67441333333333,37.55963333333333,1,1.4,1,206.4,1,29.79,1,5.7551093,1781186766000,2077294650054050
2077295714,gps,55.67445333333333,37.55968666666667,1,1.4,1,206.2,1,40.45,1,5.7638593,1781186767000,2077295650358051
2077296713,gps,55.67449499999999,37.559745,1,1.4,1,205.6,1,34.74,1,5.7839336,1781186768000,2077296650927281
2077297717,gps,55.67453999999999,37.559795,1,1.4,1,205.2,1,29.54,1,5.8117285,1781186769000,2077297650461205
2077298715,gps,55.67458666666666,37.559841666666664,1,1.4,1,204.9,1,29.49,1,5.8451858,1781186770000,2077298648500897
2077299710,gps,55.67463333333333,37.55988833333333,1,1.4,1,204.6,1,31.55,1,5.8693776,1781186771000,2077299650065820
2077300717,gps,55.67468,37.559935,1,1.4,1,204.2,1,29.23,1,5.899746,1781186772000,2077300651608512
2077301723,gps,55.67472833333333,37.559985,1,1.4,1,203.8,1,29.74,1,5.951733,1781186773000,2077301650323359
2077302720,gps,55.674776666666666,37.56003833333333,1,1.4,1,203.0,1,30.54,1,6.021735,1781186774000,2077302649903666
2077303711,gps,55.67482333333334,37.560089999999995,1,1.4,1,202.9,1,31.81,1,6.0191617,1781186775000,2077303647393205
2077304716,gps,55.67486999999999,37.560140000000004,1,1.5,1,202.9,1,29.38,1,6.0881343,1781186776000,2077304651128282
2077305722,gps,55.67491833333334,37.560195,1,1.5,1,202.5,1,32.31,1,6.158137,1781186777000,2077305649482051
2077306711,gps,55.67496833333333,37.560246666666664,1,1.5,1,202.2,1,31.15,1,6.2235065,1781186778000,2077306650687051
2077307720,gps,55.675019999999996,37.560298333333336,1,1.5,1,201.7,1,29.23,1,6.29042,1781186779000,2077307649916820
2077308708,gps,55.67507166666666,37.56035166666666,1,1.5,1,201.4,1,33.02,1,6.3547606,1781186780000,2077308648545205
2077309730,gps,55.67512333333334,37.560408333333335,1,1.4,1,201.1,1,33.77,1,6.4165273,1781186781000,2077309652188821
2077310710,gps,55.67517333333333,37.560465,1,1.5,1,200.4,1,33.87,1,6.476235,1781186782000,2077310650093436
2077311719,gps,55.675225,37.560521666666666,1,1.5,1,199.9,1,30.91,1,6.535428,1781186783000,2077311648312898
2077312709,gps,55.67527833333334,37.56057666666666,1,1.6,1,199.5,1,31.49,1,6.5591054,1781186784000,2077312647996513
2077313242,network,55.6747319,37.5595216,1,37.747,1,216.90000915527344,0,0.0,0,0.0,1781186775951,2077304600000000
2077313711,gps,55.67532833333333,37.56063166666667,1,1.6,1,199.1,1,31.93,1,6.622416,1781186785000,2077313648344821
2077314724,gps,55.67537833333334,37.560685,1,1.5,1,198.9,1,32.64,1,6.626019,1781186786000,2077314649559898
2077315706,gps,55.675428333333336,37.56073833333333,1,1.5,1,198.7,1,34.09,1,6.6296225,1781186787000,2077315650749821
2077316713,gps,55.67547666666666,37.560795,1,1.5,1,198.2,1,34.88,1,6.6085186,1781186788000,2077316650504590
2077317714,gps,55.67552666666667,37.560833333333335,1,1.5,1,197.9,1,22.12,1,6.55962,1781186789000,2077317648432898
2077318716,gps,55.675578333333334,37.56086333333334,1,1.4,1,197.7,1,20.47,1,6.496824,1781186790000,2077318650310975
2077319710,gps,55.67562833333333,37.560903333333336,1,1.4,1,197.6,1,33.59,1,6.457705,1781186791000,2077319648001514
2077320715,gps,55.67567166666666,37.56096333333333,1,1.4,1,197.1,1,40.95,1,6.396453,1781186792000,2077320650072514
2077321713,gps,55.67571833333333,37.561025,1,1.4,1,196.6,1,36.63,1,6.3434367,1781186793000,2077321650973437
2077322715,gps,55.67576666666667,37.561074999999995,1,1.4,1,196.2,1,27.73,1,6.3068914,1781186794000,2077322649130668
2077323710,gps,55.67581499999999,37.561126666666674,1,1.4,1,195.9,1,34.62,1,6.252331,1781186795000,2077323649002360
2077324715,gps,55.67585999999999,37.561185,1,1.4,1,195.5,1,40.63,1,6.196226,1781186796000,2077324650550668
2077325721,gps,55.6759,37.56124666666666,1,1.4,1,195.3,1,39.91,1,6.1210766,1781186797000,2077325650148822
2077326717,gps,55.67594166666666,37.561295,1,1.4,1,195.1,1,26.28,1,6.0701194,1781186798000,2077326652499360
2077327711,gps,55.67598666666666,37.56133666666666,1,1.4,1,194.8,1,30.05,1,5.9918814,1781186799000,2077327652242745
2077328709,gps,55.676030000000004,37.56138166666666,1,1.4,1,194.6,1,30.14,1,5.9615126,1781186800000,2077328648180206
2077329711,gps,55.676071666666665,37.56142833333333,1,1.4,1,194.3,1,33.68,1,5.8951135,1781186801000,2077329649823591
2077330710,gps,55.676113333333326,37.561481666666666,1,1.4,1,194.1,1,37.84,1,5.8441563,1781186802000,2077330650475283
2077331710,gps,55.67615666666667,37.56153,1,1.4,1,193.7,1,28.37,1,5.805552,1781186803000,2077331649260514
2077332715,gps,55.6762,37.56157666666666,1,1.4,1,193.4,1,31.89,1,5.727314,1781186804000,2077332651685822
2077333715,gps,55.67624333333333,37.56162166666666,1,1.4,1,193.1,1,27.99,1,5.6696653,1781186805000,2077333652896591
2077334277,network,55.6754894,37.5617253,1,28.163,1,226.8000030517578,0,0.0,0,0.0,1781186804570,2077333219000000
2077334710,gps,55.67628333333334,37.56166666666666,1,1.4,1,192.9,1,32.4,1,5.6006923,1781186806000,2077334649465822
2077335709,gps,55.676325,37.561706666666666,1,1.4,1,192.6,1,25.91,1,5.557456,1781186807000,2077335649033822
2077336718,gps,55.676366666666674,37.56174166666666,1,1.4,1,192.5,1,24.73,1,5.5224547,1781186808000,2077336650700207
2077337729,gps,55.676406666666665,37.56178,1,1.4,1,192.4,1,26.67,1,5.4972334,1781186809000,2077337650598976
2077338720,gps,55.67644833333334,37.561818333333335,1,1.4,1,192.1,1,30.68,1,5.4308343,1781186810000,2077338654515592
2077339715,gps,55.676485,37.561861666666665,1,1.4,1,191.7,1,39.4,1,5.3664937,1781186811000,2077339650970361
2077340710,gps,55.67652,37.56191,1,1.4,1,191.6,1,37.79,1,5.3119335,1781186812000,2077340651599899
2077341705,gps,55.67655500000001,37.56195666666667,1,1.4,1,191.3,1,40.61,1,5.2038417,1781186813000,2077341647668899
2077342711,gps,55.676590000000004,37.561998333333335,1,1.4,1,191.3,1,33.48,1,5.1431046,1781186814000,2077342650245207
2077343716,gps,55.676629999999996,37.56203666666667,1,1.4,1,191.2,1,27.01,1,5.0684695,1781186815000,2077343649086669
2077344711,gps,55.67666666666667,37.56207333333334,1,1.4,1,191.1,1,28.49,1,5.0139093,1781186816000,2077344650614438
2077345720,gps,55.676703333333336,37.56211,1,1.4,1,191.0,1,32.43,1,4.9552307,1781186817000,2077345651838746
2077346707,gps,55.67674166666667,37.56214666666666,1,1.4,1,190.9,1,31.42,1,4.874934,1781186818000,2077346649436823
2077347721,gps,55.67677666666667,37.56218333333334,1,1.4,1,190.9,1,37.04,1,4.814197,1781186819000,2077347648517438
2077348710,gps,55.676809999999996,37.562225,1,1.4,1,190.8,1,40.67,1,4.739562,1781186820000,2077348647034977
2077349711,gps,55.676845,37.56226,1,1.4,1,190.9,1,28.25,1,4.6726484,1781186821000,2077349650715669
2077350715,gps,55.67687833333333,37.56228833333333,1,1.4,1,190.9,1,24.23,1,4.5573506,1781186822000,2077350649864900
2077351714,gps,55.676906666666675,37.562311666666666,1,1.4,1,190.9,1,29.37,1,4.4296994,1781186823000,2077351653212515
2077352710,gps,55.676935,37.56233666666667,1,1.4,1,190.8,1,31.29,1,4.276827,1781186824000,2077352649555054
2077353720,gps,55.67695833333334,37.56236666666667,1,1.4,1,190.6,1,38.06,1,4.0977035,1781186825000,2077353648770977
2077354582,network,55.6771586,37.5612847,1,61.328,1,204.60000610351562,0,0.0,0,0.0,1781186825267,2077353916000000
2077354720,gps,55.67698,37.56239333333333,1,1.3,1,190.6,1,37.25,1,3.9082859,1781186826000,2077354649224285
2077355716,gps,55.677,37.562419999999996,1,1.3,1,190.7,1,39.86,1,3.6900437,1781186827000,2077355651365746
2077356715,gps,55.67701666666667,37.562443333333334,1,1.3,1,190.7,1,35.29,1,3.463051,1781186828000,2077356650965823
2077357717,gps,55.67703166666667,37.56246333333333,1,1.3,1,190.3,1,30.9,1,3.2026017,1781186829000,2077357649450670
2077358717,gps,55.677045,37.56247666666666,1,1.4,1,190.2,1,36.1,1,2.9328873,1781186830000,2077358651443977
2077359720,gps,55.677049999999994,37.562475,1,1.7,1,190.1,1,53.13,1,2.5931706,1781186831000,2077359649326670
2077360710,gps,55.67704833333334,37.56247166666667,1,1.7,1,189.6,1,39.03,1,2.2961757,1781186832000,2077360650398747
2077361713,gps,55.677049999999994,37.562466666666666,1,1.6,1,189.5,1,333.98,1,2.0177112,1781186833000,2077361649044285
2077362718,gps,55.677049999999994,37.56246333333333,1,1.5,1,189.6,1,347.11,1,1.7202016,1781186834000,2077362650113131
2077363719,gps,55.67705333333333,37.562461666666664,1,1.5,1,189.7,1,2.78,1,1.4582081,1781186835000,2077363651117747
2077364708,gps,55.67705333333333,37.562466666666666,1,1.4,1,189.7,1,11.91,1,1.2116561,1781186836000,2077364651805132
2077365720,gps,55.67705333333333,37.562466666666666,1,1.4,1,189.7,1,357.43,1,0.98414886,1781186837000,2077365652899055
2077366718,gps,55.677051666666664,37.56246833333333,1,1.4,1,189.7,1,346.42,1,0.76281834,1781186838000,2077366652738747
2077367717,gps,55.677051666666664,37.56246833333333,1,1.4,1,189.6,1,336.09,1,0.5795772,1781186839000,2077367650376516
2077368714,gps,55.677049999999994,37.562466666666666,1,1.4,1,189.7,1,281.97,1,0.4308225,1781186840000,2077368650387901
2077369720,gps,55.67704833333334,37.56246833333333,1,1.4,1,189.9,1,236.38,1,0.0,1781186841000,2077369650120209
2077370723,gps,55.67704833333334,37.56247,1,1.4,1,190.0,1,68.87,1,0.0,1781186842000,2077370650716593
2077371716,gps,55.67704833333334,37.56247166666667,1,1.4,1,190.1,1,77.06,1,0.0,1781186843000,2077371650513517
2077372699,gps,55.67704833333334,37.56247166666667,1,1.4,1,190.1,1,77.06,1,0.0,1781186844000,2077372656726671
2077373718,gps,55.67704833333334,37.56247166666667,1,1.4,1,190.1,1,77.06,1,0.0,1781186845000,2077373652782363
2077374719,gps,55.67704833333334,37.56247166666667,1,1.4,1,190.1,1,77.06,1,0.0,1781186846000,2077374650361132
2077375293,network,55.6773077,37.5617311,1,28.284,1,198.8000030517578,0,0.0,0,0.0,1781186845952,2077374601000000
