location due to GPS and WiFi+Cell,2026-06-11_19-12-34.865_Active 10 Pro
time,provider,lat (deg),long (deg),has accuracy,accuracy (m),has altitude,altitude (m above sea level),has bearing,bearing (degrees),has speed,speed (m/s over ground),UTC,realtime
2084886900,network,55.6032882,37.5457241,1,25.69,1,257.1000061035156,0,0.0,0,0.0,1781194353499,2084882148000000
2084886907,network,55.6032882,37.5457241,1,58.989,1,257.1000061035156,0,0.0,0,0.0,1781194358480,2084886905687917
2084891282,gps,55.60347,37.54513333333333,1,6.1,1,315.2,1,275.79,1,3.1125252,1781194362529,2084891218208533
2084892282,gps,55.60353333333334,37.54525,1,2.6,1,263.7,1,270.94,1,4.0127745,1781194363569,2084892223941456
2084893280,gps,55.60354333333333,37.54520166666667,1,2.8,1,262.4,1,276.17,1,3.524303,1781194364569,2084893217787379
2084894279,gps,55.603546666666674,37.54517333333333,1,2.8,1,260.9,1,271.98,1,2.9014893,1781194365569,2084894220216841
2084895278,gps,55.603546666666674,37.545190000000005,1,2.8,1,259.8,1,254.81,1,0.34126082,1781194366569,2084895225729841
2084896282,gps,55.60354833333334,37.54519833333333,1,2.1,1,256.1,1,269.42,1,0.32273084,1781194367569,2084896220349149
2084897282,gps,55.60354833333334,37.54519166666667,1,1.9,1,254.9,1,254.08,1,0.2547875,1781194368569,2084897216583610
2084898275,gps,55.60355,37.54518666666667,1,1.8,1,254.6,1,110.59,1,0.07463472,1781194369569,2084898224448533
2084899282,gps,55.60355333333334,37.545190000000005,1,1.7,1,254.4,1,86.99,1,0.37420306,1781194370569,2084899218719610
2084900710,gps,55.60355166666667,37.545195,1,1.6,1,254.7,1,116.74,1,0.28464139,1781194372000,2084900650558149
2084901707,gps,55.60354833333334,37.54519666666667,1,1.6,1,254.7,1,126.44,1,0.32736334,1781194373000,2084901650832303
2084902711,gps,55.60355,37.54519833333333,1,1.5,1,254.1,1,142.78,1,0.25942,1781194374000,2084902653739072
2084903713,gps,55.60355333333334,37.54521,1,1.5,1,253.9,1,106.24,1,0.2877297,1781194375000,2084903652004534
2084904708,gps,55.60355500000001,37.545226666666665,1,1.4,1,253.8,1,109.88,1,0.87966025,1781194376000,2084904651466765
2084905713,gps,55.60355166666667,37.54525833333333,1,1.5,1,253.9,1,113.73,1,2.4130177,1781194377000,2084905652026688
2084906641,network,55.6030805,37.5453384,1,24.763,1,257.70001220703125,0,0.0,0,0.0,1781194362429,2084891078000000
2084906711,gps,55.603545000000004,37.545305,1,1.5,1,253.9,1,104.73,1,3.1006866,1781194378000,2084906645415303
2084907711,gps,55.60353833333333,37.545361666666665,1,1.5,1,253.9,1,110.0,1,3.7173238,1781194379000,2084907647906072
2084908713,gps,55.603521666666666,37.54542666666667,1,1.7,1,253.9,1,115.22,1,4.372051,1781194380000,2084908651808919
2084909707,gps,55.60350166666667,37.545518333333334,1,1.6,1,254.1,1,113.34,1,4.6216908,1781194381000,2084909650054688
2084910710,gps,55.60348666666667,37.545595000000006,1,1.7,1,254.1,1,110.3,1,2.4742696,1781194382000,2084910652805534
2084911703,gps,55.60346833333333,37.54567,1,1.7,1,254.1,1,116.14,1,2.9323726,1781194383000,2084911650518073
2084912711,gps,55.603455000000004,37.54575,1,1.7,1,253.9,1,112.01,1,3.3328264,1781194384000,2084912649773457
2084913717,gps,55.60344166666667,37.54581666666666,1,1.7,1,253.7,1,109.01,1,3.7399716,1781194385000,2084913648412919
2084914706,gps,55.603429999999996,37.545885,1,1.8,1,253.4,1,109.81,1,4.0807176,1781194386000,2084914649926150
2084915711,gps,55.60341666666667,37.545955000000006,1,1.8,1,253.0,1,108.89,1,4.2521205,1781194387000,2084915650286765
2084916715,gps,55.603405,37.54602,1,1.8,1,252.9,1,112.18,1,4.352491,1781194388000,2084916650047919
2084917711,gps,55.603390000000005,37.546081666666666,1,1.8,1,252.8,1,111.23,1,4.395213,1781194389000,2084917651160535
2084918711,gps,55.60337500000001,37.546145,1,1.8,1,252.6,1,115.02,1,4.362271,1781194390000,2084918651314381
2084919710,gps,55.60336,37.546215,1,1.6,1,252.5,1,110.51,1,4.313887,1781194391000,2084919650407689
2084920718,gps,55.60334833333333,37.54628666666667,1,1.6,1,252.2,1,111.25,1,4.263959,1781194392000,2084920652737227
2084921714,gps,55.60333666666667,37.54636166666667,1,1.5,1,251.7,1,111.23,1,4.1985893,1781194393000,2084921653284842
2084922713,gps,55.60332666666667,37.54643,1,1.5,1,251.6,1,111.29,1,4.204766,1781194394000,2084922651463612
2084923706,gps,55.60331166666666,37.5465,1,1.4,1,251.5,1,113.0,1,4.1960154,1781194395000,2084923651364612
2084924706,gps,55.603296666666665,37.54656666666666,1,1.4,1,251.3,1,113.27,1,4.1924124,1781194396000,2084924645595689
2084925707,gps,55.60328166666667,37.54663166666667,1,1.4,1,250.9,1,114.92,1,4.1929274,1781194397000,2084925649163304
2084926672,network,55.6032747,37.5455829,1,46.055,1,255.00001525878906,0,0.0,0,0.0,1781194393290,2084921939000000
2084926708,gps,55.60326666666666,37.546695,1,1.4,1,250.6,1,111.94,1,4.1960154,1781194398000,2084926648138381
2084927715,gps,55.603251666666665,37.54676,1,1.4,1,250.3,1,111.76,1,4.1985893,1781194399000,2084927653598381
2084928713,gps,55.60323833333334,37.546825,1,1.4,1,250.0,1,108.77,1,4.2196927,1781194400000,2084928651620843
2084929713,gps,55.60322333333333,37.54688833333333,1,1.4,1,249.6,1,117.57,1,4.2310166,1781194401000,2084929652304228
2084930711,gps,55.603204999999996,37.54695166666667,1,1.4,1,249.3,1,118.29,1,4.250576,1781194402000,2084930651276228
2084931718,gps,55.60318833333334,37.547016666666664,1,1.4,1,248.9,1,113.54,1,4.268077,1781194403000,2084931653824228
2084932710,gps,55.60317166666667,37.54708,1,1.3,1,248.5,1,113.74,1,4.266018,1781194404000,2084932650965535
2084933697,gps,55.60315833333334,37.54714833333333,1,1.3,1,248.2,1,110.03,1,4.2994747,1781194405000,2084933643770459
2084934714,gps,55.60314333333334,37.547215,1,1.3,1,247.9,1,110.7,1,4.32624,1781194406000,2084934652202459
2084935710,gps,55.60312833333334,37.54728,1,1.3,1,247.5,1,114.0,1,4.35455,1781194407000,2084935650632536
2084936705,gps,55.60311166666667,37.547345,1,1.4,1,247.5,1,113.99,1,4.39161,1781194408000,2084936651031382
2084937706,gps,55.60309666666667,37.54741,1,1.4,1,247.7,1,108.27,1,4.4147725,1781194409000,2084937649399613
2084938714,gps,55.60308333333334,37.54747166666667,1,1.4,1,248.0,1,110.79,1,4.4075665,1781194410000,2084938645383613
2084939706,gps,55.603071666666665,37.547533333333334,1,1.4,1,248.1,1,111.34,1,4.421464,1781194411000,2084939646891074
2084940707,gps,55.603055,37.54759833333333,1,1.4,1,248.1,1,115.39,1,4.4219785,1781194412000,2084940650467382
2084941714,gps,55.60303833333334,37.547665,1,1.3,1,248.1,1,113.38,1,4.4394794,1781194413000,2084941652936921
2084942708,gps,55.60302166666667,37.547734999999996,1,1.3,1,248.2,1,111.62,1,4.4698477,1781194414000,2084942650971613
2084943716,gps,55.603005,37.54780166666667,1,1.3,1,248.1,1,110.85,1,4.467274,1781194415000,2084943651395998
2084944713,gps,55.60299166666667,37.547871666666666,1,1.3,1,248.3,1,110.16,1,4.46573,1781194416000,2084944649478998
2084945715,gps,55.60297666666667,37.54794166666667,1,1.3,1,248.2,1,112.05,1,4.4719067,1781194417000,2084945653710998
2084946722,gps,55.60296333333334,37.548008333333335,1,1.3,1,248.3,1,104.78,1,4.4734507,1781194418000,2084946654128921
2084947361,network,55.6030942,37.5451355,1,34.4,1,257.0,0,0.0,0,0.0,1781194418136,2084946785000000
2084947713,gps,55.60295166666666,37.548073333333335,1,1.3,1,248.3,1,108.83,1,4.4595532,1781194419000,2084947653178690
2084948709,gps,55.602936666666665,37.54814,1,1.3,1,248.2,1,112.53,1,4.483745,1781194420000,2084948651434459
2084949707,gps,55.60292166666667,37.54820666666667,1,1.3,1,247.8,1,114.41,1,4.506908,1781194421000,2084949649902998
2084950711,gps,55.60290666666666,37.548276666666666,1,1.3,1,247.5,1,110.53,1,4.5022755,1781194422000,2084950650075613
2084951715,gps,55.602891666666665,37.548343333333335,1,1.3,1,247.1,1,112.32,1,4.489922,1781194423000,2084951652856537
2084952711,gps,55.60287666666667,37.54841,1,1.3,1,246.6,1,111.03,1,4.472421,1781194424000,2084952652465767
2084953699,gps,55.60286166666666,37.548480000000005,1,1.3,1,246.1,1,110.39,1,4.4755096,1781194425000,2084953675406460
2084954709,gps,55.602846666666665,37.54855,1,1.3,1,245.9,1,113.2,1,4.4796276,1781194426000,2084954650305537
2084955712,gps,55.60283166666667,37.54862,1,1.3,1,245.3,1,110.59,1,4.4868336,1781194427000,2084955651853229
2084956711,gps,55.60281499999999,37.54868833333333,1,1.3,1,245.0,1,112.16,1,4.4827156,1781194428000,2084956651746691
2084957711,gps,55.60279833333334,37.54875333333334,1,1.3,1,244.9,1,111.61,1,4.4888926,1781194429000,2084957652122460
2084958716,gps,55.602785,37.54881666666667,1,1.3,1,244.8,1,108.35,1,4.4760246,1781194430000,2084958651887922
2084959713,gps,55.60277166666666,37.548883333333336,1,1.3,1,244.5,1,107.48,1,4.4482293,1781194431000,2084959652708537
2084960711,gps,55.602758333333334,37.54895,1,1.3,1,244.2,1,105.08,1,4.4430823,1781194432000,2084960652807614
2084961708,gps,55.60274833333333,37.549018333333336,1,1.3,1,244.1,1,103.59,1,4.437935,1781194433000,2084961651390383
2084962717,gps,55.60273666666667,37.54908666666667,1,1.3,1,243.6,1,105.56,1,4.4369054,1781194434000,2084962653901153
2084963710,gps,55.60272333333334,37.54915666666667,1,1.3,1,243.0,1,110.67,1,4.441538,1781194435000,2084963650945460
2084964709,gps,55.60270666666667,37.549225,1,1.3,1,242.6,1,117.26,1,4.4466853,1781194436000,2084964649815307
2084965711,gps,55.602688333333326,37.54928666666667,1,1.3,1,242.4,1,118.44,1,4.4091105,1781194437000,2084965651697460
2084966712,gps,55.60267,37.549346666666665,1,1.3,1,242.1,1,118.75,1,4.3983016,1781194438000,2084966652607307
2084967710,gps,55.602653333333336,37.549409999999995,1,1.3,1,241.9,1,111.76,1,4.3983016,1781194439000,2084967649743384
2084968552,network,55.6026524,37.5489629,1,16.038,1,250.90000915527344,0,0.0,0,0.0,1781194438747,2084967396000000
2084968716,gps,55.60264,37.54947166666667,1,1.3,1,241.7,1,110.29,1,4.3828597,1781194440000,2084968651967307
2084969715,gps,55.60262666666666,37.549535,1,1.3,1,241.4,1,107.3,1,4.369992,1781194441000,2084969653811999
2084970708,gps,55.602615,37.549600000000005,1,1.3,1,241.0,1,106.91,1,4.371536,1781194442000,2084970652399999
2084971710,gps,55.60260333333334,37.54966833333334,1,1.3,1,240.7,1,106.93,1,4.3756537,1781194443000,2084971652260538
2084972714,gps,55.60259166666666,37.54973333333333,1,1.3,1,240.5,1,113.05,1,4.3596973,1781194444000,2084972648912922
2084973708,gps,55.602574999999995,37.549795,1,1.3,1,240.0,1,112.54,1,4.3236666,1781194445000,2084973647144846
2084974710,gps,55.60255833333334,37.54985666666666,1,1.3,1,239.6,1,115.92,1,4.2819743,1781194446000,2084974652069153
2084975711,gps,55.60254499999999,37.54991833333334,1,1.3,1,239.3,1,103.08,1,4.280945,1781194447000,2084975651062461
2084976707,gps,55.602533333333334,37.54998333333333,1,1.3,1,239.0,1,114.12,1,4.2794003,1781194448000,2084976650818384
2084977710,gps,55.602521666666675,37.550050000000006,1,1.3,1,238.8,1,99.12,1,4.284548,1781194449000,2084977654315923
2084978713,gps,55.60251333333334,37.55011833333333,1,1.3,1,238.5,1,108.74,1,4.311828,1781194450000,2084978652969846
2084979707,gps,55.60250166666666,37.550185000000006,1,1.3,1,238.2,1,106.2,1,4.3221226,1781194451000,2084979650593769
2084980711,gps,55.60248833333333,37.550248333333336,1,1.3,1,238.0,1,114.24,1,4.2953568,1781194452000,2084980651131308
2084981714,gps,55.602475000000005,37.550311666666666,1,1.3,1,237.5,1,105.3,1,4.278886,1781194453000,2084981648684923
2084982708,gps,55.60246166666668,37.550378333333335,1,1.3,1,237.3,1,111.38,1,4.288151,1781194454000,2084982650078154
2084983712,gps,55.60244666666667,37.550444999999996,1,1.3,1,236.8,1,111.69,1,4.2963862,1781194455000,2084983650622462
2084984706,gps,55.602430000000005,37.55050833333333,1,1.3,1,236.7,1,115.62,1,4.3123426,1781194456000,2084984650511077
2084985711,gps,55.602415,37.55057333333333,1,1.3,1,236.6,1,111.17,1,4.3385935,1781194457000,2084985649004231
2084986705,gps,55.6024,37.55064,1,1.3,1,236.6,1,113.92,1,4.348888,1781194458000,2084986650514154
2084987707,gps,55.602385000000005,37.55070666666666,1,1.3,1,236.3,1,112.06,1,4.351462,1781194459000,2084987648836000
2084988706,gps,55.60237,37.55077166666667,1,1.3,1,236.1,1,112.12,1,4.3540354,1781194460000,2084988650211693
2084988774,network,55.6025215,37.5487223,1,92.9,1,251.10000610351562,0,0.0,0,0.0,1781194460064,2084988713000000
2084989709,gps,55.602355,37.55083833333333,1,1.3,1,235.9,1,113.31,1,4.3653593,1781194461000,2084989649146077
2084990712,gps,55.602340000000005,37.55090166666666,1,1.3,1,235.9,1,111.29,1,4.3900657,1781194462000,2084990650168924
2084991713,gps,55.60232666666668,37.55096666666667,1,1.2,1,235.8,1,113.03,1,4.3905807,1781194463000,2084991650815308
2084992708,gps,55.60231,37.55103,1,1.2,1,235.6,1,112.42,1,4.3777127,1781194464000,2084992648784308
2084993705,gps,55.602296666666675,37.551095000000004,1,1.2,1,235.5,1,111.98,1,4.365874,1781194465000,2084993647042154
2084994710,gps,55.60228166666668,37.551159999999996,1,1.2,1,235.5,1,110.9,1,4.3617563,1781194466000,2084994649253847
2084995707,gps,55.60226833333333,37.551225,1,1.2,1,235.4,1,109.06,1,4.3447704,1781194467000,2084995647290693
2084996711,gps,55.60225666666667,37.551291666666664,1,1.2,1,235.3,1,107.04,1,4.332417,1781194468000,2084996648387616
2084997707,gps,55.602244999999996,37.55135833333333,1,1.2,1,235.3,1,106.8,1,4.3499174,1781194469000,2084997648435309
2084998712,gps,55.60222999999999,37.551426666666664,1,1.2,1,235.3,1,111.86,1,4.36433,1781194470000,2084998648258155
2084999706,gps,55.60221166666667,37.55149166666667,1,1.2,1,235.2,1,123.41,1,4.3627853,1781194471000,2084999649126078
2085000714,gps,55.602195,37.55155166666667,1,1.2,1,235.0,1,109.22,1,4.330358,1781194472000,2085000650206155
2085001706,gps,55.60218499999999,37.551615,1,1.2,1,234.9,1,106.56,1,4.3272696,1781194473000,2085001649965232
2085002713,gps,55.60217833333333,37.55168166666667,1,1.2,1,234.6,1,100.16,1,4.3221226,1781194474000,2085002651132001
2085003708,gps,55.60217166666666,37.55175,1,1.2,1,234.6,1,101.55,1,4.3293285,1781194475000,2085003648493232
2085004710,gps,55.60216333333333,37.55181833333334,1,1.2,1,234.4,1,106.79,1,4.3349905,1781194476000,2085004648918694
2085005710,gps,55.60215166666667,37.551885,1,1.2,1,234.5,1,108.14,1,4.343741,1781194477000,2085005650255386
2085006710,gps,55.60213999999999,37.551950000000005,1,1.2,1,234.5,1,108.31,1,4.332417,1781194478000,2085006649606155
2085007708,gps,55.60213,37.552015,1,1.2,1,234.6,1,107.96,1,4.316975,1781194479000,2085007650240232
2085008710,gps,55.60211833333333,37.552078333333334,1,1.2,1,234.5,1,109.96,1,4.2799153,1781194480000,2085008649748925
2085009142,network,55.6020745,37.5519778,1,22.508,1,243.8000030517578,0,0.0,0,0.0,1781194478853,2085007502000000
2085009706,gps,55.602103333333325,37.552141666666664,1,1.2,1,234.4,1,112.83,1,4.2593265,1781194481000,2085009647992232
2085010712,gps,55.60209,37.55220666666666,1,1.2,1,234.4,1,112.05,1,4.286092,1781194482000,2085010650490079
2085011720,gps,55.602075,37.55227333333333,1,1.2,1,234.1,1,108.42,1,4.29021,1781194483000,2085011648382386
2085012705,gps,55.60206166666667,37.55233833333333,1,1.2,1,233.9,1,113.39,1,4.2958717,1781194484000,2085012647969463
2085013703,gps,55.602045,37.55240166666667,1,1.2,1,233.8,1,115.2,1,4.2871213,1781194485000,2085013647179002
2085014707,gps,55.60202833333333,37.552461666666666,1,1.2,1,233.7,1,114.61,1,4.2763124,1781194486000,2085014648634463
2085015715,gps,55.602013333333325,37.552524999999996,1,1.2,1,233.3,1,113.18,1,4.2608705,1781194487000,2085015649951002
2085016709,gps,55.60199666666667,37.552585,1,1.2,1,233.1,1,118.23,1,4.256238,1781194488000,2085016648844233
2085017707,gps,55.601978333333335,37.552645,1,1.2,1,232.8,1,120.06,1,4.2423406,1781194489000,2085017649876541
2085018712,gps,55.601958333333336,37.55270333333333,1,1.2,1,232.6,1,121.75,1,4.2459435,1781194490000,2085018652246156
2085019712,gps,55.60193833333333,37.55276,1,1.2,1,232.6,1,123.55,1,4.2516055,1781194491000,2085019651746079
2085020708,gps,55.60192,37.552815,1,1.2,1,232.6,1,118.76,1,4.2315316,1781194492000,2085020649363310
2085021708,gps,55.60189999999999,37.55286833333333,1,1.3,1,232.7,1,122.64,1,4.2217517,1781194493000,2085021648886464
2085022711,gps,55.60188166666667,37.552924999999995,1,1.3,1,232.6,1,116.84,1,4.217119,1781194494000,2085022650701541
2085023714,gps,55.601865,37.552985,1,1.3,1,232.5,1,115.94,1,4.2109423,1781194495000,2085023652015925
2085024708,gps,55.60185,37.55304666666667,1,1.3,1,232.4,1,116.56,1,4.2114573,1781194496000,2085024650331695
2085025712,gps,55.601835,37.55310833333333,1,1.3,1,232.1,1,110.31,1,4.2196927,1781194497000,2085025650553233
2085026710,gps,55.601823333333336,37.55317,1,1.3,1,231.7,1,109.47,1,4.227928,1781194498000,2085026650511080
2085027707,gps,55.60180999999999,37.55323333333333,1,1.3,1,231.7,1,112.31,1,4.2258697,1781194499000,2085027648182387
2085028711,gps,55.601794999999996,37.553295000000006,1,1.3,1,231.7,1,118.86,1,4.224325,1781194500000,2085028651181233
2085028824,network,55.6026926,37.5516827,1,32.588,1,245.40000915527344,0,0.0,0,0.0,1781194482463,2085011112000000
2085029713,gps,55.60177166666667,37.553345,1,1.3,1,231.6,1,134.98,1,4.2093983,1781194501000,2085029648951926
2085030719,gps,55.601749999999996,37.55339333333333,1,1.3,1,231.6,1,121.45,1,4.1738825,1781194502000,2085030651266772
2085031708,gps,55.601745,37.55344,1,1.3,1,231.7,1,85.74,1,4.032334,1781194503000,2085031649171926
2085032715,gps,55.601749999999996,37.55347166666666,1,1.3,1,232.0,1,64.47,1,3.7528398,1781194504000,2085032652656849
2085033707,gps,55.601753333333335,37.55348166666667,1,1.3,1,232.4,1,70.67,1,3.383269,1781194505000,2085033648302080
2085034713,gps,55.601755000000004,37.55348,1,1.3,1,232.5,1,30.31,1,2.9786975,1781194506000,2085034649773772
2085035707,gps,55.601753333333335,37.55347833333334,1,1.3,1,232.5,1,202.28,1,2.5555959,1781194507000,2085035650079003
2085036716,gps,55.601751666666665,37.55347666666667,1,1.2,1,232.5,1,188.59,1,2.133009,1781194508000,2085036650568003
2085037707,gps,55.601751666666665,37.55347666666667,1,1.2,1,232.4,1,150.3,1,1.7171134,1781194509000,2085037650338696
2085038718,gps,55.601749999999996,37.553475000000006,1,1.2,1,232.3,1,202.85,1,1.3331306,1781194510000,2085038650781465
2085039720,gps,55.60174833333334,37.553473333333336,1,1.2,1,232.3,1,203.7,1,0.95841277,1781194511000,2085039649572619
2085040710,gps,55.60174666666667,37.553473333333336,1,1.3,1,232.3,1,174.9,1,0.5955336,1781194512000,2085040651005850
2085041713,gps,55.60174666666667,37.55347666666667,1,1.2,1,232.2,1,123.53,1,0.0,1781194513000,2085041652448850
2085042710,gps,55.60174833333334,37.55347833333334,1,1.3,1,232.1,1,77.24,1,0.0,1781194514000,2085042652664850
2085043714,gps,55.60174833333334,37.55348,1,1.3,1,232.0,1,75.18,1,0.0,1781194515000,2085043650121465
2085044709,gps,55.60174833333334,37.55348,1,1.3,1,232.0,1,75.18,1,0.0,1781194516000,2085044651360850
2085045706,gps,55.60174833333334,37.55348,1,1.3,1,232.0,1,75.18,1,0.0,1781194517000,2085045647290158
2085046712,gps,55.60174833333334,37.55348,1,1.3,1,232.0,1,75.18,1,0.0,1781194518000,2085046650435927
